id,subject_id,sessionnr,trialnr,startduration,directiontoend,statesequence,cue_type,cue_begin,cue_end,state_duration,state,state_index,side,rung,touch_begin,touch_end,mouseside
836,190,1,1,13040,1,1-3-4-6,4,12577,13163,9575,1,0,0,1,63,93,0
836,190,1,1,13040,1,1-3-4-6,4,12577,13163,9575,1,0,1,1,0,134,1
836,190,1,1,13040,1,1-3-4-6,4,12577,13163,9575,1,0,1,1,159,184,1
836,190,1,1,13040,1,1-3-4-6,4,12577,13163,9575,1,0,0,2,123,205,0
836,190,1,1,13040,1,1-3-4-6,4,12577,13163,9575,1,0,1,1,216,236,1
836,190,1,1,13040,1,1-3-4-6,4,12577,13163,9575,1,0,0,1,226,262,0
836,190,1,1,13040,1,1-3-4-6,4,12577,13163,9575,1,0,1,1,252,272,1
836,190,1,1,13040,1,1-3-4-6,4,12577,13163,9575,1,0,1,4,195,272,1
836,190,1,1,13040,1,1-3-4-6,4,12577,13163,9575,1,0,0,2,226,308,0
836,190,1,1,13040,1,1-3-4-6,4,12577,13163,9575,1,0,1,1,298,318,1
836,190,1,1,13040,1,1-3-4-6,4,12577,13163,9575,1,0,0,8,308,344,0
836,190,1,1,13040,1,1-3-4-6,4,12577,13163,9575,1,0,1,4,298,355,1
836,190,1,1,13040,1,1-3-4-6,4,12577,13163,9575,1,0,0,2,334,376,0
836,190,1,1,13040,1,1-3-4-6,4,12577,13163,9575,1,0,1,1,365,418,1
836,190,1,1,13040,1,1-3-4-6,4,12577,13163,9575,1,0,0,9,376,428,0
836,190,1,1,13040,1,1-3-4-6,4,12577,13163,9575,1,0,0,8,397,439,0
836,190,1,1,13040,1,1-3-4-6,4,12577,13163,9575,1,0,1,4,407,449,1
836,190,1,1,13040,1,1-3-4-6,4,12577,13163,9575,1,0,0,9,459,480,0
836,190,1,1,13040,1,1-3-4-6,4,12577,13163,9575,1,0,0,8,470,491,0
836,190,1,1,13040,1,1-3-4-6,4,12577,13163,9575,1,0,1,11,386,501,1
836,190,1,1,13040,1,1-3-4-6,4,12577,13163,9575,1,0,0,9,511,542,0
836,190,1,1,13040,1,1-3-4-6,4,12577,13163,9575,1,0,0,8,522,553,0
836,190,1,1,13040,1,1-3-4-6,4,12577,13163,9575,1,0,0,12,522,563,0
836,190,1,1,13040,1,1-3-4-6,4,12577,13163,9575,1,0,0,9,563,584,0
836,190,1,1,13040,1,1-3-4-6,4,12577,13163,9575,1,0,0,12,594,615,0
836,190,1,1,13040,1,1-3-4-6,4,12577,13163,9575,1,0,0,9,605,625,0
836,190,1,1,13040,1,1-3-4-6,4,12577,13163,9575,1,0,1,11,532,646,1
836,190,1,1,13040,1,1-3-4-6,4,12577,13163,9575,1,0,0,9,656,667,0
836,190,1,1,13040,1,1-3-4-6,4,12577,13163,9575,1,0,1,14,573,677,1
836,190,1,1,13040,1,1-3-4-6,4,12577,13163,9575,1,0,0,15,636,723,0
836,190,1,1,13040,1,1-3-4-6,4,12577,13163,9575,1,0,1,16,707,867,1
836,190,1,1,13040,1,1-3-4-6,4,12577,13163,9575,1,0,0,9,932,953,0
836,190,1,1,13040,1,1-3-4-6,4,12577,13163,9575,1,0,1,14,942,963,1
836,190,1,1,13040,1,1-3-4-6,4,12577,13163,9575,1,0,0,17,822,973,0
836,190,1,1,13040,1,1-3-4-6,4,12577,13163,9575,1,0,1,18,963,1059,1
836,190,1,1,13040,1,1-3-4-6,4,12577,13163,9575,1,0,0,19,1039,1069,0
836,190,1,1,13040,1,1-3-4-6,4,12577,13163,9575,1,0,0,17,994,1110,0
836,190,1,1,13040,1,1-3-4-6,4,12577,13163,9575,1,0,0,21,1110,1329,0
836,190,1,1,13040,1,1-3-4-6,4,12577,13163,9575,1,0,1,18,1080,1365,1
836,190,1,1,13040,1,1-3-4-6,4,12577,13163,9575,1,0,1,22,1284,1583,1
836,190,1,1,13040,1,1-3-4-6,4,12577,13163,9575,1,0,0,21,1354,1639,0
836,190,1,1,13040,1,1-3-4-6,4,12577,13163,9575,1,0,0,23,1454,1674,0
836,190,1,1,13040,1,1-3-4-6,4,12577,13163,9575,1,0,1,22,1609,1725,1
836,190,1,1,13040,1,1-3-4-6,4,12577,13163,9575,1,0,1,26,1684,1860,1
836,190,1,1,13040,1,1-3-4-6,4,12577,13163,9575,1,0,0,23,1700,1875,0
836,190,1,1,13040,1,1-3-4-6,4,12577,13163,9575,1,0,1,26,1885,2050,1
836,190,1,1,13040,1,1-3-4-6,4,12577,13163,9575,1,0,1,28,1920,2090,1
836,190,1,1,13040,1,1-3-4-6,4,12577,13163,9575,1,0,0,27,1810,2141,0
836,190,1,1,13040,1,1-3-4-6,4,12577,13163,9575,1,0,0,29,2330,2395,0
836,190,1,1,13040,1,1-3-4-6,4,12577,13163,9575,1,0,0,31,2125,2420,0
836,190,1,1,13040,1,1-3-4-6,4,12577,13163,9575,1,0,1,28,2115,2461,1
836,190,1,1,13040,1,1-3-4-6,4,12577,13163,9575,1,0,1,32,2235,2531,1
836,190,1,1,13040,1,1-3-4-6,4,12577,13163,9575,1,0,0,31,2445,2596,0
836,190,1,1,13040,1,1-3-4-6,4,12577,13163,9575,1,0,0,34,2520,2702,0
836,190,1,1,13040,1,1-3-4-6,4,12577,13163,9575,1,0,1,32,2551,2781,1
836,190,1,1,13040,1,1-3-4-6,4,12577,13163,9575,1,0,1,36,2691,2896,1
836,190,1,1,13040,1,1-3-4-6,4,12577,13163,9575,1,0,0,33,2681,2932,0
836,190,1,1,13040,1,1-3-4-6,4,12577,13163,9575,1,0,0,29,2972,2992,0
836,190,1,1,13040,1,1-3-4-6,4,12577,13163,9575,1,0,0,31,2972,2992,0
836,190,1,1,13040,1,1-3-4-6,4,12577,13163,9575,1,0,1,36,2916,3161,1
836,190,1,1,13040,1,1-3-4-6,4,12577,13163,3002,3,1,0,1,63,93,0
836,190,1,1,13040,1,1-3-4-6,4,12577,13163,3002,3,1,1,1,0,134,1
836,190,1,1,13040,1,1-3-4-6,4,12577,13163,3002,3,1,1,1,159,184,1
836,190,1,1,13040,1,1-3-4-6,4,12577,13163,3002,3,1,0,2,123,205,0
836,190,1,1,13040,1,1-3-4-6,4,12577,13163,3002,3,1,1,1,216,236,1
836,190,1,1,13040,1,1-3-4-6,4,12577,13163,3002,3,1,0,1,226,262,0
836,190,1,1,13040,1,1-3-4-6,4,12577,13163,3002,3,1,1,1,252,272,1
836,190,1,1,13040,1,1-3-4-6,4,12577,13163,3002,3,1,1,4,195,272,1
836,190,1,1,13040,1,1-3-4-6,4,12577,13163,3002,3,1,0,2,226,308,0
836,190,1,1,13040,1,1-3-4-6,4,12577,13163,3002,3,1,1,1,298,318,1
836,190,1,1,13040,1,1-3-4-6,4,12577,13163,3002,3,1,0,8,308,344,0
836,190,1,1,13040,1,1-3-4-6,4,12577,13163,3002,3,1,1,4,298,355,1
836,190,1,1,13040,1,1-3-4-6,4,12577,13163,3002,3,1,0,2,334,376,0
836,190,1,1,13040,1,1-3-4-6,4,12577,13163,3002,3,1,1,1,365,418,1
836,190,1,1,13040,1,1-3-4-6,4,12577,13163,3002,3,1,0,9,376,428,0
836,190,1,1,13040,1,1-3-4-6,4,12577,13163,3002,3,1,0,8,397,439,0
836,190,1,1,13040,1,1-3-4-6,4,12577,13163,3002,3,1,1,4,407,449,1
836,190,1,1,13040,1,1-3-4-6,4,12577,13163,3002,3,1,0,9,459,480,0
836,190,1,1,13040,1,1-3-4-6,4,12577,13163,3002,3,1,0,8,470,491,0
836,190,1,1,13040,1,1-3-4-6,4,12577,13163,3002,3,1,1,11,386,501,1
836,190,1,1,13040,1,1-3-4-6,4,12577,13163,3002,3,1,0,9,511,542,0
836,190,1,1,13040,1,1-3-4-6,4,12577,13163,3002,3,1,0,8,522,553,0
836,190,1,1,13040,1,1-3-4-6,4,12577,13163,3002,3,1,0,12,522,563,0
836,190,1,1,13040,1,1-3-4-6,4,12577,13163,3002,3,1,0,9,563,584,0
836,190,1,1,13040,1,1-3-4-6,4,12577,13163,3002,3,1,0,12,594,615,0
836,190,1,1,13040,1,1-3-4-6,4,12577,13163,3002,3,1,0,9,605,625,0
836,190,1,1,13040,1,1-3-4-6,4,12577,13163,3002,3,1,1,11,532,646,1
836,190,1,1,13040,1,1-3-4-6,4,12577,13163,3002,3,1,0,9,656,667,0
836,190,1,1,13040,1,1-3-4-6,4,12577,13163,3002,3,1,1,14,573,677,1
836,190,1,1,13040,1,1-3-4-6,4,12577,13163,3002,3,1,0,15,636,723,0
836,190,1,1,13040,1,1-3-4-6,4,12577,13163,3002,3,1,1,16,707,867,1
836,190,1,1,13040,1,1-3-4-6,4,12577,13163,3002,3,1,0,9,932,953,0
836,190,1,1,13040,1,1-3-4-6,4,12577,13163,3002,3,1,1,14,942,963,1
836,190,1,1,13040,1,1-3-4-6,4,12577,13163,3002,3,1,0,17,822,973,0
836,190,1,1,13040,1,1-3-4-6,4,12577,13163,3002,3,1,1,18,963,1059,1
836,190,1,1,13040,1,1-3-4-6,4,12577,13163,3002,3,1,0,19,1039,1069,0
836,190,1,1,13040,1,1-3-4-6,4,12577,13163,3002,3,1,0,17,994,1110,0
836,190,1,1,13040,1,1-3-4-6,4,12577,13163,3002,3,1,0,21,1110,1329,0
836,190,1,1,13040,1,1-3-4-6,4,12577,13163,3002,3,1,1,18,1080,1365,1
836,190,1,1,13040,1,1-3-4-6,4,12577,13163,3002,3,1,1,22,1284,1583,1
836,190,1,1,13040,1,1-3-4-6,4,12577,13163,3002,3,1,0,21,1354,1639,0
836,190,1,1,13040,1,1-3-4-6,4,12577,13163,3002,3,1,0,23,1454,1674,0
836,190,1,1,13040,1,1-3-4-6,4,12577,13163,3002,3,1,1,22,1609,1725,1
836,190,1,1,13040,1,1-3-4-6,4,12577,13163,3002,3,1,1,26,1684,1860,1
836,190,1,1,13040,1,1-3-4-6,4,12577,13163,3002,3,1,0,23,1700,1875,0
836,190,1,1,13040,1,1-3-4-6,4,12577,13163,3002,3,1,1,26,1885,2050,1
836,190,1,1,13040,1,1-3-4-6,4,12577,13163,3002,3,1,1,28,1920,2090,1
836,190,1,1,13040,1,1-3-4-6,4,12577,13163,3002,3,1,0,27,1810,2141,0
836,190,1,1,13040,1,1-3-4-6,4,12577,13163,3002,3,1,0,29,2330,2395,0
836,190,1,1,13040,1,1-3-4-6,4,12577,13163,3002,3,1,0,31,2125,2420,0
836,190,1,1,13040,1,1-3-4-6,4,12577,13163,3002,3,1,1,28,2115,2461,1
836,190,1,1,13040,1,1-3-4-6,4,12577,13163,3002,3,1,1,32,2235,2531,1
836,190,1,1,13040,1,1-3-4-6,4,12577,13163,3002,3,1,0,31,2445,2596,0
836,190,1,1,13040,1,1-3-4-6,4,12577,13163,3002,3,1,0,34,2520,2702,0
836,190,1,1,13040,1,1-3-4-6,4,12577,13163,3002,3,1,1,32,2551,2781,1
836,190,1,1,13040,1,1-3-4-6,4,12577,13163,3002,3,1,1,36,2691,2896,1
836,190,1,1,13040,1,1-3-4-6,4,12577,13163,3002,3,1,0,33,2681,2932,0
836,190,1,1,13040,1,1-3-4-6,4,12577,13163,3002,3,1,0,29,2972,2992,0
836,190,1,1,13040,1,1-3-4-6,4,12577,13163,3002,3,1,0,31,2972,2992,0
836,190,1,1,13040,1,1-3-4-6,4,12577,13163,3002,3,1,1,36,2916,3161,1
836,190,1,1,13040,1,1-3-4-6,4,12577,13163,463,4,2,0,1,63,93,0
836,190,1,1,13040,1,1-3-4-6,4,12577,13163,463,4,2,1,1,0,134,1
836,190,1,1,13040,1,1-3-4-6,4,12577,13163,463,4,2,1,1,159,184,1
836,190,1,1,13040,1,1-3-4-6,4,12577,13163,463,4,2,0,2,123,205,0
836,190,1,1,13040,1,1-3-4-6,4,12577,13163,463,4,2,1,1,216,236,1
836,190,1,1,13040,1,1-3-4-6,4,12577,13163,463,4,2,0,1,226,262,0
836,190,1,1,13040,1,1-3-4-6,4,12577,13163,463,4,2,1,1,252,272,1
836,190,1,1,13040,1,1-3-4-6,4,12577,13163,463,4,2,1,4,195,272,1
836,190,1,1,13040,1,1-3-4-6,4,12577,13163,463,4,2,0,2,226,308,0
836,190,1,1,13040,1,1-3-4-6,4,12577,13163,463,4,2,1,1,298,318,1
836,190,1,1,13040,1,1-3-4-6,4,12577,13163,463,4,2,0,8,308,344,0
836,190,1,1,13040,1,1-3-4-6,4,12577,13163,463,4,2,1,4,298,355,1
836,190,1,1,13040,1,1-3-4-6,4,12577,13163,463,4,2,0,2,334,376,0
836,190,1,1,13040,1,1-3-4-6,4,12577,13163,463,4,2,1,1,365,418,1
836,190,1,1,13040,1,1-3-4-6,4,12577,13163,463,4,2,0,9,376,428,0
836,190,1,1,13040,1,1-3-4-6,4,12577,13163,463,4,2,0,8,397,439,0
836,190,1,1,13040,1,1-3-4-6,4,12577,13163,463,4,2,1,4,407,449,1
836,190,1,1,13040,1,1-3-4-6,4,12577,13163,463,4,2,0,9,459,480,0
836,190,1,1,13040,1,1-3-4-6,4,12577,13163,463,4,2,0,8,470,491,0
836,190,1,1,13040,1,1-3-4-6,4,12577,13163,463,4,2,1,11,386,501,1
836,190,1,1,13040,1,1-3-4-6,4,12577,13163,463,4,2,0,9,511,542,0
836,190,1,1,13040,1,1-3-4-6,4,12577,13163,463,4,2,0,8,522,553,0
836,190,1,1,13040,1,1-3-4-6,4,12577,13163,463,4,2,0,12,522,563,0
836,190,1,1,13040,1,1-3-4-6,4,12577,13163,463,4,2,0,9,563,584,0
836,190,1,1,13040,1,1-3-4-6,4,12577,13163,463,4,2,0,12,594,615,0
836,190,1,1,13040,1,1-3-4-6,4,12577,13163,463,4,2,0,9,605,625,0
836,190,1,1,13040,1,1-3-4-6,4,12577,13163,463,4,2,1,11,532,646,1
836,190,1,1,13040,1,1-3-4-6,4,12577,13163,463,4,2,0,9,656,667,0
836,190,1,1,13040,1,1-3-4-6,4,12577,13163,463,4,2,1,14,573,677,1
836,190,1,1,13040,1,1-3-4-6,4,12577,13163,463,4,2,0,15,636,723,0
836,190,1,1,13040,1,1-3-4-6,4,12577,13163,463,4,2,1,16,707,867,1
836,190,1,1,13040,1,1-3-4-6,4,12577,13163,463,4,2,0,9,932,953,0
836,190,1,1,13040,1,1-3-4-6,4,12577,13163,463,4,2,1,14,942,963,1
836,190,1,1,13040,1,1-3-4-6,4,12577,13163,463,4,2,0,17,822,973,0
836,190,1,1,13040,1,1-3-4-6,4,12577,13163,463,4,2,1,18,963,1059,1
836,190,1,1,13040,1,1-3-4-6,4,12577,13163,463,4,2,0,19,1039,1069,0
836,190,1,1,13040,1,1-3-4-6,4,12577,13163,463,4,2,0,17,994,1110,0
836,190,1,1,13040,1,1-3-4-6,4,12577,13163,463,4,2,0,21,1110,1329,0
836,190,1,1,13040,1,1-3-4-6,4,12577,13163,463,4,2,1,18,1080,1365,1
836,190,1,1,13040,1,1-3-4-6,4,12577,13163,463,4,2,1,22,1284,1583,1
836,190,1,1,13040,1,1-3-4-6,4,12577,13163,463,4,2,0,21,1354,1639,0
836,190,1,1,13040,1,1-3-4-6,4,12577,13163,463,4,2,0,23,1454,1674,0
836,190,1,1,13040,1,1-3-4-6,4,12577,13163,463,4,2,1,22,1609,1725,1
836,190,1,1,13040,1,1-3-4-6,4,12577,13163,463,4,2,1,26,1684,1860,1
836,190,1,1,13040,1,1-3-4-6,4,12577,13163,463,4,2,0,23,1700,1875,0
836,190,1,1,13040,1,1-3-4-6,4,12577,13163,463,4,2,1,26,1885,2050,1
836,190,1,1,13040,1,1-3-4-6,4,12577,13163,463,4,2,1,28,1920,2090,1
836,190,1,1,13040,1,1-3-4-6,4,12577,13163,463,4,2,0,27,1810,2141,0
836,190,1,1,13040,1,1-3-4-6,4,12577,13163,463,4,2,0,29,2330,2395,0
836,190,1,1,13040,1,1-3-4-6,4,12577,13163,463,4,2,0,31,2125,2420,0
836,190,1,1,13040,1,1-3-4-6,4,12577,13163,463,4,2,1,28,2115,2461,1
836,190,1,1,13040,1,1-3-4-6,4,12577,13163,463,4,2,1,32,2235,2531,1
836,190,1,1,13040,1,1-3-4-6,4,12577,13163,463,4,2,0,31,2445,2596,0
836,190,1,1,13040,1,1-3-4-6,4,12577,13163,463,4,2,0,34,2520,2702,0
836,190,1,1,13040,1,1-3-4-6,4,12577,13163,463,4,2,1,32,2551,2781,1
836,190,1,1,13040,1,1-3-4-6,4,12577,13163,463,4,2,1,36,2691,2896,1
836,190,1,1,13040,1,1-3-4-6,4,12577,13163,463,4,2,0,33,2681,2932,0
836,190,1,1,13040,1,1-3-4-6,4,12577,13163,463,4,2,0,29,2972,2992,0
836,190,1,1,13040,1,1-3-4-6,4,12577,13163,463,4,2,0,31,2972,2992,0
836,190,1,1,13040,1,1-3-4-6,4,12577,13163,463,4,2,1,36,2916,3161,1
836,190,1,1,13040,1,1-3-4-6,4,12577,13163,3161,6,3,0,1,63,93,0
836,190,1,1,13040,1,1-3-4-6,4,12577,13163,3161,6,3,1,1,0,134,1
836,190,1,1,13040,1,1-3-4-6,4,12577,13163,3161,6,3,1,1,159,184,1
836,190,1,1,13040,1,1-3-4-6,4,12577,13163,3161,6,3,0,2,123,205,0
836,190,1,1,13040,1,1-3-4-6,4,12577,13163,3161,6,3,1,1,216,236,1
836,190,1,1,13040,1,1-3-4-6,4,12577,13163,3161,6,3,0,1,226,262,0
836,190,1,1,13040,1,1-3-4-6,4,12577,13163,3161,6,3,1,1,252,272,1
836,190,1,1,13040,1,1-3-4-6,4,12577,13163,3161,6,3,1,4,195,272,1
836,190,1,1,13040,1,1-3-4-6,4,12577,13163,3161,6,3,0,2,226,308,0
836,190,1,1,13040,1,1-3-4-6,4,12577,13163,3161,6,3,1,1,298,318,1
836,190,1,1,13040,1,1-3-4-6,4,12577,13163,3161,6,3,0,8,308,344,0
836,190,1,1,13040,1,1-3-4-6,4,12577,13163,3161,6,3,1,4,298,355,1
836,190,1,1,13040,1,1-3-4-6,4,12577,13163,3161,6,3,0,2,334,376,0
836,190,1,1,13040,1,1-3-4-6,4,12577,13163,3161,6,3,1,1,365,418,1
836,190,1,1,13040,1,1-3-4-6,4,12577,13163,3161,6,3,0,9,376,428,0
836,190,1,1,13040,1,1-3-4-6,4,12577,13163,3161,6,3,0,8,397,439,0
836,190,1,1,13040,1,1-3-4-6,4,12577,13163,3161,6,3,1,4,407,449,1
836,190,1,1,13040,1,1-3-4-6,4,12577,13163,3161,6,3,0,9,459,480,0
836,190,1,1,13040,1,1-3-4-6,4,12577,13163,3161,6,3,0,8,470,491,0
836,190,1,1,13040,1,1-3-4-6,4,12577,13163,3161,6,3,1,11,386,501,1
836,190,1,1,13040,1,1-3-4-6,4,12577,13163,3161,6,3,0,9,511,542,0
836,190,1,1,13040,1,1-3-4-6,4,12577,13163,3161,6,3,0,8,522,553,0
836,190,1,1,13040,1,1-3-4-6,4,12577,13163,3161,6,3,0,12,522,563,0
836,190,1,1,13040,1,1-3-4-6,4,12577,13163,3161,6,3,0,9,563,584,0
836,190,1,1,13040,1,1-3-4-6,4,12577,13163,3161,6,3,0,12,594,615,0
836,190,1,1,13040,1,1-3-4-6,4,12577,13163,3161,6,3,0,9,605,625,0
836,190,1,1,13040,1,1-3-4-6,4,12577,13163,3161,6,3,1,11,532,646,1
836,190,1,1,13040,1,1-3-4-6,4,12577,13163,3161,6,3,0,9,656,667,0
836,190,1,1,13040,1,1-3-4-6,4,12577,13163,3161,6,3,1,14,573,677,1
836,190,1,1,13040,1,1-3-4-6,4,12577,13163,3161,6,3,0,15,636,723,0
836,190,1,1,13040,1,1-3-4-6,4,12577,13163,3161,6,3,1,16,707,867,1
836,190,1,1,13040,1,1-3-4-6,4,12577,13163,3161,6,3,0,9,932,953,0
836,190,1,1,13040,1,1-3-4-6,4,12577,13163,3161,6,3,1,14,942,963,1
836,190,1,1,13040,1,1-3-4-6,4,12577,13163,3161,6,3,0,17,822,973,0
836,190,1,1,13040,1,1-3-4-6,4,12577,13163,3161,6,3,1,18,963,1059,1
836,190,1,1,13040,1,1-3-4-6,4,12577,13163,3161,6,3,0,19,1039,1069,0
836,190,1,1,13040,1,1-3-4-6,4,12577,13163,3161,6,3,0,17,994,1110,0
836,190,1,1,13040,1,1-3-4-6,4,12577,13163,3161,6,3,0,21,1110,1329,0
836,190,1,1,13040,1,1-3-4-6,4,12577,13163,3161,6,3,1,18,1080,1365,1
836,190,1,1,13040,1,1-3-4-6,4,12577,13163,3161,6,3,1,22,1284,1583,1
836,190,1,1,13040,1,1-3-4-6,4,12577,13163,3161,6,3,0,21,1354,1639,0
836,190,1,1,13040,1,1-3-4-6,4,12577,13163,3161,6,3,0,23,1454,1674,0
836,190,1,1,13040,1,1-3-4-6,4,12577,13163,3161,6,3,1,22,1609,1725,1
836,190,1,1,13040,1,1-3-4-6,4,12577,13163,3161,6,3,1,26,1684,1860,1
836,190,1,1,13040,1,1-3-4-6,4,12577,13163,3161,6,3,0,23,1700,1875,0
836,190,1,1,13040,1,1-3-4-6,4,12577,13163,3161,6,3,1,26,1885,2050,1
836,190,1,1,13040,1,1-3-4-6,4,12577,13163,3161,6,3,1,28,1920,2090,1
836,190,1,1,13040,1,1-3-4-6,4,12577,13163,3161,6,3,0,27,1810,2141,0
836,190,1,1,13040,1,1-3-4-6,4,12577,13163,3161,6,3,0,29,2330,2395,0
836,190,1,1,13040,1,1-3-4-6,4,12577,13163,3161,6,3,0,31,2125,2420,0
836,190,1,1,13040,1,1-3-4-6,4,12577,13163,3161,6,3,1,28,2115,2461,1
836,190,1,1,13040,1,1-3-4-6,4,12577,13163,3161,6,3,1,32,2235,2531,1
836,190,1,1,13040,1,1-3-4-6,4,12577,13163,3161,6,3,0,31,2445,2596,0
836,190,1,1,13040,1,1-3-4-6,4,12577,13163,3161,6,3,0,34,2520,2702,0
836,190,1,1,13040,1,1-3-4-6,4,12577,13163,3161,6,3,1,32,2551,2781,1
836,190,1,1,13040,1,1-3-4-6,4,12577,13163,3161,6,3,1,36,2691,2896,1
836,190,1,1,13040,1,1-3-4-6,4,12577,13163,3161,6,3,0,33,2681,2932,0
836,190,1,1,13040,1,1-3-4-6,4,12577,13163,3161,6,3,0,29,2972,2992,0
836,190,1,1,13040,1,1-3-4-6,4,12577,13163,3161,6,3,0,31,2972,2992,0
836,190,1,1,13040,1,1-3-4-6,4,12577,13163,3161,6,3,1,36,2916,3161,1
836,190,1,1,13040,1,1-3-4-6,3,9575,16201,9575,1,0,0,1,63,93,0
836,190,1,1,13040,1,1-3-4-6,3,9575,16201,9575,1,0,1,1,0,134,1
836,190,1,1,13040,1,1-3-4-6,3,9575,16201,9575,1,0,1,1,159,184,1
836,190,1,1,13040,1,1-3-4-6,3,9575,16201,9575,1,0,0,2,123,205,0
836,190,1,1,13040,1,1-3-4-6,3,9575,16201,9575,1,0,1,1,216,236,1
836,190,1,1,13040,1,1-3-4-6,3,9575,16201,9575,1,0,0,1,226,262,0
836,190,1,1,13040,1,1-3-4-6,3,9575,16201,9575,1,0,1,1,252,272,1
836,190,1,1,13040,1,1-3-4-6,3,9575,16201,9575,1,0,1,4,195,272,1
836,190,1,1,13040,1,1-3-4-6,3,9575,16201,9575,1,0,0,2,226,308,0
836,190,1,1,13040,1,1-3-4-6,3,9575,16201,9575,1,0,1,1,298,318,1
836,190,1,1,13040,1,1-3-4-6,3,9575,16201,9575,1,0,0,8,308,344,0
836,190,1,1,13040,1,1-3-4-6,3,9575,16201,9575,1,0,1,4,298,355,1
836,190,1,1,13040,1,1-3-4-6,3,9575,16201,9575,1,0,0,2,334,376,0
836,190,1,1,13040,1,1-3-4-6,3,9575,16201,9575,1,0,1,1,365,418,1
836,190,1,1,13040,1,1-3-4-6,3,9575,16201,9575,1,0,0,9,376,428,0
836,190,1,1,13040,1,1-3-4-6,3,9575,16201,9575,1,0,0,8,397,439,0
836,190,1,1,13040,1,1-3-4-6,3,9575,16201,9575,1,0,1,4,407,449,1
836,190,1,1,13040,1,1-3-4-6,3,9575,16201,9575,1,0,0,9,459,480,0
836,190,1,1,13040,1,1-3-4-6,3,9575,16201,9575,1,0,0,8,470,491,0
836,190,1,1,13040,1,1-3-4-6,3,9575,16201,9575,1,0,1,11,386,501,1
836,190,1,1,13040,1,1-3-4-6,3,9575,16201,9575,1,0,0,9,511,542,0
836,190,1,1,13040,1,1-3-4-6,3,9575,16201,9575,1,0,0,8,522,553,0
836,190,1,1,13040,1,1-3-4-6,3,9575,16201,9575,1,0,0,12,522,563,0
836,190,1,1,13040,1,1-3-4-6,3,9575,16201,9575,1,0,0,9,563,584,0
836,190,1,1,13040,1,1-3-4-6,3,9575,16201,9575,1,0,0,12,594,615,0
836,190,1,1,13040,1,1-3-4-6,3,9575,16201,9575,1,0,0,9,605,625,0
836,190,1,1,13040,1,1-3-4-6,3,9575,16201,9575,1,0,1,11,532,646,1
836,190,1,1,13040,1,1-3-4-6,3,9575,16201,9575,1,0,0,9,656,667,0
836,190,1,1,13040,1,1-3-4-6,3,9575,16201,9575,1,0,1,14,573,677,1
836,190,1,1,13040,1,1-3-4-6,3,9575,16201,9575,1,0,0,15,636,723,0
836,190,1,1,13040,1,1-3-4-6,3,9575,16201,9575,1,0,1,16,707,867,1
836,190,1,1,13040,1,1-3-4-6,3,9575,16201,9575,1,0,0,9,932,953,0
836,190,1,1,13040,1,1-3-4-6,3,9575,16201,9575,1,0,1,14,942,963,1
836,190,1,1,13040,1,1-3-4-6,3,9575,16201,9575,1,0,0,17,822,973,0
836,190,1,1,13040,1,1-3-4-6,3,9575,16201,9575,1,0,1,18,963,1059,1
836,190,1,1,13040,1,1-3-4-6,3,9575,16201,9575,1,0,0,19,1039,1069,0
836,190,1,1,13040,1,1-3-4-6,3,9575,16201,9575,1,0,0,17,994,1110,0
836,190,1,1,13040,1,1-3-4-6,3,9575,16201,9575,1,0,0,21,1110,1329,0
836,190,1,1,13040,1,1-3-4-6,3,9575,16201,9575,1,0,1,18,1080,1365,1
836,190,1,1,13040,1,1-3-4-6,3,9575,16201,9575,1,0,1,22,1284,1583,1
836,190,1,1,13040,1,1-3-4-6,3,9575,16201,9575,1,0,0,21,1354,1639,0
836,190,1,1,13040,1,1-3-4-6,3,9575,16201,9575,1,0,0,23,1454,1674,0
836,190,1,1,13040,1,1-3-4-6,3,9575,16201,9575,1,0,1,22,1609,1725,1
836,190,1,1,13040,1,1-3-4-6,3,9575,16201,9575,1,0,1,26,1684,1860,1
836,190,1,1,13040,1,1-3-4-6,3,9575,16201,9575,1,0,0,23,1700,1875,0
836,190,1,1,13040,1,1-3-4-6,3,9575,16201,9575,1,0,1,26,1885,2050,1
836,190,1,1,13040,1,1-3-4-6,3,9575,16201,9575,1,0,1,28,1920,2090,1
836,190,1,1,13040,1,1-3-4-6,3,9575,16201,9575,1,0,0,27,1810,2141,0
836,190,1,1,13040,1,1-3-4-6,3,9575,16201,9575,1,0,0,29,2330,2395,0
836,190,1,1,13040,1,1-3-4-6,3,9575,16201,9575,1,0,0,31,2125,2420,0
836,190,1,1,13040,1,1-3-4-6,3,9575,16201,9575,1,0,1,28,2115,2461,1
836,190,1,1,13040,1,1-3-4-6,3,9575,16201,9575,1,0,1,32,2235,2531,1
836,190,1,1,13040,1,1-3-4-6,3,9575,16201,9575,1,0,0,31,2445,2596,0
836,190,1,1,13040,1,1-3-4-6,3,9575,16201,9575,1,0,0,34,2520,2702,0
836,190,1,1,13040,1,1-3-4-6,3,9575,16201,9575,1,0,1,32,2551,2781,1
836,190,1,1,13040,1,1-3-4-6,3,9575,16201,9575,1,0,1,36,2691,2896,1
836,190,1,1,13040,1,1-3-4-6,3,9575,16201,9575,1,0,0,33,2681,2932,0
836,190,1,1,13040,1,1-3-4-6,3,9575,16201,9575,1,0,0,29,2972,2992,0
836,190,1,1,13040,1,1-3-4-6,3,9575,16201,9575,1,0,0,31,2972,2992,0
836,190,1,1,13040,1,1-3-4-6,3,9575,16201,9575,1,0,1,36,2916,3161,1
836,190,1,1,13040,1,1-3-4-6,3,9575,16201,3002,3,1,0,1,63,93,0
836,190,1,1,13040,1,1-3-4-6,3,9575,16201,3002,3,1,1,1,0,134,1
836,190,1,1,13040,1,1-3-4-6,3,9575,16201,3002,3,1,1,1,159,184,1
836,190,1,1,13040,1,1-3-4-6,3,9575,16201,3002,3,1,0,2,123,205,0
836,190,1,1,13040,1,1-3-4-6,3,9575,16201,3002,3,1,1,1,216,236,1
836,190,1,1,13040,1,1-3-4-6,3,9575,16201,3002,3,1,0,1,226,262,0
836,190,1,1,13040,1,1-3-4-6,3,9575,16201,3002,3,1,1,1,252,272,1
836,190,1,1,13040,1,1-3-4-6,3,9575,16201,3002,3,1,1,4,195,272,1
836,190,1,1,13040,1,1-3-4-6,3,9575,16201,3002,3,1,0,2,226,308,0
836,190,1,1,13040,1,1-3-4-6,3,9575,16201,3002,3,1,1,1,298,318,1
836,190,1,1,13040,1,1-3-4-6,3,9575,16201,3002,3,1,0,8,308,344,0
836,190,1,1,13040,1,1-3-4-6,3,9575,16201,3002,3,1,1,4,298,355,1
836,190,1,1,13040,1,1-3-4-6,3,9575,16201,3002,3,1,0,2,334,376,0
836,190,1,1,13040,1,1-3-4-6,3,9575,16201,3002,3,1,1,1,365,418,1
836,190,1,1,13040,1,1-3-4-6,3,9575,16201,3002,3,1,0,9,376,428,0
836,190,1,1,13040,1,1-3-4-6,3,9575,16201,3002,3,1,0,8,397,439,0
836,190,1,1,13040,1,1-3-4-6,3,9575,16201,3002,3,1,1,4,407,449,1
836,190,1,1,13040,1,1-3-4-6,3,9575,16201,3002,3,1,0,9,459,480,0
836,190,1,1,13040,1,1-3-4-6,3,9575,16201,3002,3,1,0,8,470,491,0
836,190,1,1,13040,1,1-3-4-6,3,9575,16201,3002,3,1,1,11,386,501,1
836,190,1,1,13040,1,1-3-4-6,3,9575,16201,3002,3,1,0,9,511,542,0
836,190,1,1,13040,1,1-3-4-6,3,9575,16201,3002,3,1,0,8,522,553,0
836,190,1,1,13040,1,1-3-4-6,3,9575,16201,3002,3,1,0,12,522,563,0
836,190,1,1,13040,1,1-3-4-6,3,9575,16201,3002,3,1,0,9,563,584,0
836,190,1,1,13040,1,1-3-4-6,3,9575,16201,3002,3,1,0,12,594,615,0
836,190,1,1,13040,1,1-3-4-6,3,9575,16201,3002,3,1,0,9,605,625,0
836,190,1,1,13040,1,1-3-4-6,3,9575,16201,3002,3,1,1,11,532,646,1
836,190,1,1,13040,1,1-3-4-6,3,9575,16201,3002,3,1,0,9,656,667,0
836,190,1,1,13040,1,1-3-4-6,3,9575,16201,3002,3,1,1,14,573,677,1
836,190,1,1,13040,1,1-3-4-6,3,9575,16201,3002,3,1,0,15,636,723,0
836,190,1,1,13040,1,1-3-4-6,3,9575,16201,3002,3,1,1,16,707,867,1
836,190,1,1,13040,1,1-3-4-6,3,9575,16201,3002,3,1,0,9,932,953,0
836,190,1,1,13040,1,1-3-4-6,3,9575,16201,3002,3,1,1,14,942,963,1
836,190,1,1,13040,1,1-3-4-6,3,9575,16201,3002,3,1,0,17,822,973,0
836,190,1,1,13040,1,1-3-4-6,3,9575,16201,3002,3,1,1,18,963,1059,1
836,190,1,1,13040,1,1-3-4-6,3,9575,16201,3002,3,1,0,19,1039,1069,0
836,190,1,1,13040,1,1-3-4-6,3,9575,16201,3002,3,1,0,17,994,1110,0
836,190,1,1,13040,1,1-3-4-6,3,9575,16201,3002,3,1,0,21,1110,1329,0
836,190,1,1,13040,1,1-3-4-6,3,9575,16201,3002,3,1,1,18,1080,1365,1
836,190,1,1,13040,1,1-3-4-6,3,9575,16201,3002,3,1,1,22,1284,1583,1
836,190,1,1,13040,1,1-3-4-6,3,9575,16201,3002,3,1,0,21,1354,1639,0
836,190,1,1,13040,1,1-3-4-6,3,9575,16201,3002,3,1,0,23,1454,1674,0
836,190,1,1,13040,1,1-3-4-6,3,9575,16201,3002,3,1,1,22,1609,1725,1
836,190,1,1,13040,1,1-3-4-6,3,9575,16201,3002,3,1,1,26,1684,1860,1
836,190,1,1,13040,1,1-3-4-6,3,9575,16201,3002,3,1,0,23,1700,1875,0
836,190,1,1,13040,1,1-3-4-6,3,9575,16201,3002,3,1,1,26,1885,2050,1
836,190,1,1,13040,1,1-3-4-6,3,9575,16201,3002,3,1,1,28,1920,2090,1
836,190,1,1,13040,1,1-3-4-6,3,9575,16201,3002,3,1,0,27,1810,2141,0
836,190,1,1,13040,1,1-3-4-6,3,9575,16201,3002,3,1,0,29,2330,2395,0
836,190,1,1,13040,1,1-3-4-6,3,9575,16201,3002,3,1,0,31,2125,2420,0
836,190,1,1,13040,1,1-3-4-6,3,9575,16201,3002,3,1,1,28,2115,2461,1
836,190,1,1,13040,1,1-3-4-6,3,9575,16201,3002,3,1,1,32,2235,2531,1
836,190,1,1,13040,1,1-3-4-6,3,9575,16201,3002,3,1,0,31,2445,2596,0
836,190,1,1,13040,1,1-3-4-6,3,9575,16201,3002,3,1,0,34,2520,2702,0
836,190,1,1,13040,1,1-3-4-6,3,9575,16201,3002,3,1,1,32,2551,2781,1
836,190,1,1,13040,1,1-3-4-6,3,9575,16201,3002,3,1,1,36,2691,2896,1
836,190,1,1,13040,1,1-3-4-6,3,9575,16201,3002,3,1,0,33,2681,2932,0
836,190,1,1,13040,1,1-3-4-6,3,9575,16201,3002,3,1,0,29,2972,2992,0
836,190,1,1,13040,1,1-3-4-6,3,9575,16201,3002,3,1,0,31,2972,2992,0
836,190,1,1,13040,1,1-3-4-6,3,9575,16201,3002,3,1,1,36,2916,3161,1
836,190,1,1,13040,1,1-3-4-6,3,9575,16201,463,4,2,0,1,63,93,0
836,190,1,1,13040,1,1-3-4-6,3,9575,16201,463,4,2,1,1,0,134,1
836,190,1,1,13040,1,1-3-4-6,3,9575,16201,463,4,2,1,1,159,184,1
836,190,1,1,13040,1,1-3-4-6,3,9575,16201,463,4,2,0,2,123,205,0
836,190,1,1,13040,1,1-3-4-6,3,9575,16201,463,4,2,1,1,216,236,1
836,190,1,1,13040,1,1-3-4-6,3,9575,16201,463,4,2,0,1,226,262,0
836,190,1,1,13040,1,1-3-4-6,3,9575,16201,463,4,2,1,1,252,272,1
836,190,1,1,13040,1,1-3-4-6,3,9575,16201,463,4,2,1,4,195,272,1
836,190,1,1,13040,1,1-3-4-6,3,9575,16201,463,4,2,0,2,226,308,0
836,190,1,1,13040,1,1-3-4-6,3,9575,16201,463,4,2,1,1,298,318,1
836,190,1,1,13040,1,1-3-4-6,3,9575,16201,463,4,2,0,8,308,344,0
836,190,1,1,13040,1,1-3-4-6,3,9575,16201,463,4,2,1,4,298,355,1
836,190,1,1,13040,1,1-3-4-6,3,9575,16201,463,4,2,0,2,334,376,0
836,190,1,1,13040,1,1-3-4-6,3,9575,16201,463,4,2,1,1,365,418,1
836,190,1,1,13040,1,1-3-4-6,3,9575,16201,463,4,2,0,9,376,428,0
836,190,1,1,13040,1,1-3-4-6,3,9575,16201,463,4,2,0,8,397,439,0
836,190,1,1,13040,1,1-3-4-6,3,9575,16201,463,4,2,1,4,407,449,1
836,190,1,1,13040,1,1-3-4-6,3,9575,16201,463,4,2,0,9,459,480,0
836,190,1,1,13040,1,1-3-4-6,3,9575,16201,463,4,2,0,8,470,491,0
836,190,1,1,13040,1,1-3-4-6,3,9575,16201,463,4,2,1,11,386,501,1
836,190,1,1,13040,1,1-3-4-6,3,9575,16201,463,4,2,0,9,511,542,0
836,190,1,1,13040,1,1-3-4-6,3,9575,16201,463,4,2,0,8,522,553,0
836,190,1,1,13040,1,1-3-4-6,3,9575,16201,463,4,2,0,12,522,563,0
836,190,1,1,13040,1,1-3-4-6,3,9575,16201,463,4,2,0,9,563,584,0
836,190,1,1,13040,1,1-3-4-6,3,9575,16201,463,4,2,0,12,594,615,0
836,190,1,1,13040,1,1-3-4-6,3,9575,16201,463,4,2,0,9,605,625,0
836,190,1,1,13040,1,1-3-4-6,3,9575,16201,463,4,2,1,11,532,646,1
836,190,1,1,13040,1,1-3-4-6,3,9575,16201,463,4,2,0,9,656,667,0
836,190,1,1,13040,1,1-3-4-6,3,9575,16201,463,4,2,1,14,573,677,1
836,190,1,1,13040,1,1-3-4-6,3,9575,16201,463,4,2,0,15,636,723,0
836,190,1,1,13040,1,1-3-4-6,3,9575,16201,463,4,2,1,16,707,867,1
836,190,1,1,13040,1,1-3-4-6,3,9575,16201,463,4,2,0,9,932,953,0
836,190,1,1,13040,1,1-3-4-6,3,9575,16201,463,4,2,1,14,942,963,1
836,190,1,1,13040,1,1-3-4-6,3,9575,16201,463,4,2,0,17,822,973,0
836,190,1,1,13040,1,1-3-4-6,3,9575,16201,463,4,2,1,18,963,1059,1
836,190,1,1,13040,1,1-3-4-6,3,9575,16201,463,4,2,0,19,1039,1069,0
836,190,1,1,13040,1,1-3-4-6,3,9575,16201,463,4,2,0,17,994,1110,0
836,190,1,1,13040,1,1-3-4-6,3,9575,16201,463,4,2,0,21,1110,1329,0
836,190,1,1,13040,1,1-3-4-6,3,9575,16201,463,4,2,1,18,1080,1365,1
836,190,1,1,13040,1,1-3-4-6,3,9575,16201,463,4,2,1,22,1284,1583,1
836,190,1,1,13040,1,1-3-4-6,3,9575,16201,463,4,2,0,21,1354,1639,0
836,190,1,1,13040,1,1-3-4-6,3,9575,16201,463,4,2,0,23,1454,1674,0
836,190,1,1,13040,1,1-3-4-6,3,9575,16201,463,4,2,1,22,1609,1725,1
836,190,1,1,13040,1,1-3-4-6,3,9575,16201,463,4,2,1,26,1684,1860,1
836,190,1,1,13040,1,1-3-4-6,3,9575,16201,463,4,2,0,23,1700,1875,0
836,190,1,1,13040,1,1-3-4-6,3,9575,16201,463,4,2,1,26,1885,2050,1
836,190,1,1,13040,1,1-3-4-6,3,9575,16201,463,4,2,1,28,1920,2090,1
836,190,1,1,13040,1,1-3-4-6,3,9575,16201,463,4,2,0,27,1810,2141,0
836,190,1,1,13040,1,1-3-4-6,3,9575,16201,463,4,2,0,29,2330,2395,0
836,190,1,1,13040,1,1-3-4-6,3,9575,16201,463,4,2,0,31,2125,2420,0
836,190,1,1,13040,1,1-3-4-6,3,9575,16201,463,4,2,1,28,2115,2461,1
836,190,1,1,13040,1,1-3-4-6,3,9575,16201,463,4,2,1,32,2235,2531,1
836,190,1,1,13040,1,1-3-4-6,3,9575,16201,463,4,2,0,31,2445,2596,0
836,190,1,1,13040,1,1-3-4-6,3,9575,16201,463,4,2,0,34,2520,2702,0
836,190,1,1,13040,1,1-3-4-6,3,9575,16201,463,4,2,1,32,2551,2781,1
836,190,1,1,13040,1,1-3-4-6,3,9575,16201,463,4,2,1,36,2691,2896,1
836,190,1,1,13040,1,1-3-4-6,3,9575,16201,463,4,2,0,33,2681,2932,0
836,190,1,1,13040,1,1-3-4-6,3,9575,16201,463,4,2,0,29,2972,2992,0
836,190,1,1,13040,1,1-3-4-6,3,9575,16201,463,4,2,0,31,2972,2992,0
836,190,1,1,13040,1,1-3-4-6,3,9575,16201,463,4,2,1,36,2916,3161,1
836,190,1,1,13040,1,1-3-4-6,3,9575,16201,3161,6,3,0,1,63,93,0
836,190,1,1,13040,1,1-3-4-6,3,9575,16201,3161,6,3,1,1,0,134,1
836,190,1,1,13040,1,1-3-4-6,3,9575,16201,3161,6,3,1,1,159,184,1
836,190,1,1,13040,1,1-3-4-6,3,9575,16201,3161,6,3,0,2,123,205,0
836,190,1,1,13040,1,1-3-4-6,3,9575,16201,3161,6,3,1,1,216,236,1
836,190,1,1,13040,1,1-3-4-6,3,9575,16201,3161,6,3,0,1,226,262,0
836,190,1,1,13040,1,1-3-4-6,3,9575,16201,3161,6,3,1,1,252,272,1
836,190,1,1,13040,1,1-3-4-6,3,9575,16201,3161,6,3,1,4,195,272,1
836,190,1,1,13040,1,1-3-4-6,3,9575,16201,3161,6,3,0,2,226,308,0
836,190,1,1,13040,1,1-3-4-6,3,9575,16201,3161,6,3,1,1,298,318,1
836,190,1,1,13040,1,1-3-4-6,3,9575,16201,3161,6,3,0,8,308,344,0
836,190,1,1,13040,1,1-3-4-6,3,9575,16201,3161,6,3,1,4,298,355,1
836,190,1,1,13040,1,1-3-4-6,3,9575,16201,3161,6,3,0,2,334,376,0
836,190,1,1,13040,1,1-3-4-6,3,9575,16201,3161,6,3,1,1,365,418,1
836,190,1,1,13040,1,1-3-4-6,3,9575,16201,3161,6,3,0,9,376,428,0
836,190,1,1,13040,1,1-3-4-6,3,9575,16201,3161,6,3,0,8,397,439,0
836,190,1,1,13040,1,1-3-4-6,3,9575,16201,3161,6,3,1,4,407,449,1
836,190,1,1,13040,1,1-3-4-6,3,9575,16201,3161,6,3,0,9,459,480,0
836,190,1,1,13040,1,1-3-4-6,3,9575,16201,3161,6,3,0,8,470,491,0
836,190,1,1,13040,1,1-3-4-6,3,9575,16201,3161,6,3,1,11,386,501,1
836,190,1,1,13040,1,1-3-4-6,3,9575,16201,3161,6,3,0,9,511,542,0
836,190,1,1,13040,1,1-3-4-6,3,9575,16201,3161,6,3,0,8,522,553,0
836,190,1,1,13040,1,1-3-4-6,3,9575,16201,3161,6,3,0,12,522,563,0
836,190,1,1,13040,1,1-3-4-6,3,9575,16201,3161,6,3,0,9,563,584,0
836,190,1,1,13040,1,1-3-4-6,3,9575,16201,3161,6,3,0,12,594,615,0
836,190,1,1,13040,1,1-3-4-6,3,9575,16201,3161,6,3,0,9,605,625,0
836,190,1,1,13040,1,1-3-4-6,3,9575,16201,3161,6,3,1,11,532,646,1
836,190,1,1,13040,1,1-3-4-6,3,9575,16201,3161,6,3,0,9,656,667,0
836,190,1,1,13040,1,1-3-4-6,3,9575,16201,3161,6,3,1,14,573,677,1
836,190,1,1,13040,1,1-3-4-6,3,9575,16201,3161,6,3,0,15,636,723,0
836,190,1,1,13040,1,1-3-4-6,3,9575,16201,3161,6,3,1,16,707,867,1
836,190,1,1,13040,1,1-3-4-6,3,9575,16201,3161,6,3,0,9,932,953,0
836,190,1,1,13040,1,1-3-4-6,3,9575,16201,3161,6,3,1,14,942,963,1
836,190,1,1,13040,1,1-3-4-6,3,9575,16201,3161,6,3,0,17,822,973,0
836,190,1,1,13040,1,1-3-4-6,3,9575,16201,3161,6,3,1,18,963,1059,1
836,190,1,1,13040,1,1-3-4-6,3,9575,16201,3161,6,3,0,19,1039,1069,0
836,190,1,1,13040,1,1-3-4-6,3,9575,16201,3161,6,3,0,17,994,1110,0
836,190,1,1,13040,1,1-3-4-6,3,9575,16201,3161,6,3,0,21,1110,1329,0
836,190,1,1,13040,1,1-3-4-6,3,9575,16201,3161,6,3,1,18,1080,1365,1
836,190,1,1,13040,1,1-3-4-6,3,9575,16201,3161,6,3,1,22,1284,1583,1
836,190,1,1,13040,1,1-3-4-6,3,9575,16201,3161,6,3,0,21,1354,1639,0
836,190,1,1,13040,1,1-3-4-6,3,9575,16201,3161,6,3,0,23,1454,1674,0
836,190,1,1,13040,1,1-3-4-6,3,9575,16201,3161,6,3,1,22,1609,1725,1
836,190,1,1,13040,1,1-3-4-6,3,9575,16201,3161,6,3,1,26,1684,1860,1
836,190,1,1,13040,1,1-3-4-6,3,9575,16201,3161,6,3,0,23,1700,1875,0
836,190,1,1,13040,1,1-3-4-6,3,9575,16201,3161,6,3,1,26,1885,2050,1
836,190,1,1,13040,1,1-3-4-6,3,9575,16201,3161,6,3,1,28,1920,2090,1
836,190,1,1,13040,1,1-3-4-6,3,9575,16201,3161,6,3,0,27,1810,2141,0
836,190,1,1,13040,1,1-3-4-6,3,9575,16201,3161,6,3,0,29,2330,2395,0
836,190,1,1,13040,1,1-3-4-6,3,9575,16201,3161,6,3,0,31,2125,2420,0
836,190,1,1,13040,1,1-3-4-6,3,9575,16201,3161,6,3,1,28,2115,2461,1
836,190,1,1,13040,1,1-3-4-6,3,9575,16201,3161,6,3,1,32,2235,2531,1
836,190,1,1,13040,1,1-3-4-6,3,9575,16201,3161,6,3,0,31,2445,2596,0
836,190,1,1,13040,1,1-3-4-6,3,9575,16201,3161,6,3,0,34,2520,2702,0
836,190,1,1,13040,1,1-3-4-6,3,9575,16201,3161,6,3,1,32,2551,2781,1
836,190,1,1,13040,1,1-3-4-6,3,9575,16201,3161,6,3,1,36,2691,2896,1
836,190,1,1,13040,1,1-3-4-6,3,9575,16201,3161,6,3,0,33,2681,2932,0
836,190,1,1,13040,1,1-3-4-6,3,9575,16201,3161,6,3,0,29,2972,2992,0
836,190,1,1,13040,1,1-3-4-6,3,9575,16201,3161,6,3,0,31,2972,2992,0
836,190,1,1,13040,1,1-3-4-6,3,9575,16201,3161,6,3,1,36,2916,3161,1
836,190,1,1,13040,1,1-3-4-6,5,13040,16201,9575,1,0,0,1,63,93,0
836,190,1,1,13040,1,1-3-4-6,5,13040,16201,9575,1,0,1,1,0,134,1
836,190,1,1,13040,1,1-3-4-6,5,13040,16201,9575,1,0,1,1,159,184,1
836,190,1,1,13040,1,1-3-4-6,5,13040,16201,9575,1,0,0,2,123,205,0
836,190,1,1,13040,1,1-3-4-6,5,13040,16201,9575,1,0,1,1,216,236,1
836,190,1,1,13040,1,1-3-4-6,5,13040,16201,9575,1,0,0,1,226,262,0
836,190,1,1,13040,1,1-3-4-6,5,13040,16201,9575,1,0,1,1,252,272,1
836,190,1,1,13040,1,1-3-4-6,5,13040,16201,9575,1,0,1,4,195,272,1
836,190,1,1,13040,1,1-3-4-6,5,13040,16201,9575,1,0,0,2,226,308,0
836,190,1,1,13040,1,1-3-4-6,5,13040,16201,9575,1,0,1,1,298,318,1
836,190,1,1,13040,1,1-3-4-6,5,13040,16201,9575,1,0,0,8,308,344,0
836,190,1,1,13040,1,1-3-4-6,5,13040,16201,9575,1,0,1,4,298,355,1
836,190,1,1,13040,1,1-3-4-6,5,13040,16201,9575,1,0,0,2,334,376,0
836,190,1,1,13040,1,1-3-4-6,5,13040,16201,9575,1,0,1,1,365,418,1
836,190,1,1,13040,1,1-3-4-6,5,13040,16201,9575,1,0,0,9,376,428,0
836,190,1,1,13040,1,1-3-4-6,5,13040,16201,9575,1,0,0,8,397,439,0
836,190,1,1,13040,1,1-3-4-6,5,13040,16201,9575,1,0,1,4,407,449,1
836,190,1,1,13040,1,1-3-4-6,5,13040,16201,9575,1,0,0,9,459,480,0
836,190,1,1,13040,1,1-3-4-6,5,13040,16201,9575,1,0,0,8,470,491,0
836,190,1,1,13040,1,1-3-4-6,5,13040,16201,9575,1,0,1,11,386,501,1
836,190,1,1,13040,1,1-3-4-6,5,13040,16201,9575,1,0,0,9,511,542,0
836,190,1,1,13040,1,1-3-4-6,5,13040,16201,9575,1,0,0,8,522,553,0
836,190,1,1,13040,1,1-3-4-6,5,13040,16201,9575,1,0,0,12,522,563,0
836,190,1,1,13040,1,1-3-4-6,5,13040,16201,9575,1,0,0,9,563,584,0
836,190,1,1,13040,1,1-3-4-6,5,13040,16201,9575,1,0,0,12,594,615,0
836,190,1,1,13040,1,1-3-4-6,5,13040,16201,9575,1,0,0,9,605,625,0
836,190,1,1,13040,1,1-3-4-6,5,13040,16201,9575,1,0,1,11,532,646,1
836,190,1,1,13040,1,1-3-4-6,5,13040,16201,9575,1,0,0,9,656,667,0
836,190,1,1,13040,1,1-3-4-6,5,13040,16201,9575,1,0,1,14,573,677,1
836,190,1,1,13040,1,1-3-4-6,5,13040,16201,9575,1,0,0,15,636,723,0
836,190,1,1,13040,1,1-3-4-6,5,13040,16201,9575,1,0,1,16,707,867,1
836,190,1,1,13040,1,1-3-4-6,5,13040,16201,9575,1,0,0,9,932,953,0
836,190,1,1,13040,1,1-3-4-6,5,13040,16201,9575,1,0,1,14,942,963,1
836,190,1,1,13040,1,1-3-4-6,5,13040,16201,9575,1,0,0,17,822,973,0
836,190,1,1,13040,1,1-3-4-6,5,13040,16201,9575,1,0,1,18,963,1059,1
836,190,1,1,13040,1,1-3-4-6,5,13040,16201,9575,1,0,0,19,1039,1069,0
836,190,1,1,13040,1,1-3-4-6,5,13040,16201,9575,1,0,0,17,994,1110,0
836,190,1,1,13040,1,1-3-4-6,5,13040,16201,9575,1,0,0,21,1110,1329,0
836,190,1,1,13040,1,1-3-4-6,5,13040,16201,9575,1,0,1,18,1080,1365,1
836,190,1,1,13040,1,1-3-4-6,5,13040,16201,9575,1,0,1,22,1284,1583,1
836,190,1,1,13040,1,1-3-4-6,5,13040,16201,9575,1,0,0,21,1354,1639,0
836,190,1,1,13040,1,1-3-4-6,5,13040,16201,9575,1,0,0,23,1454,1674,0
836,190,1,1,13040,1,1-3-4-6,5,13040,16201,9575,1,0,1,22,1609,1725,1
836,190,1,1,13040,1,1-3-4-6,5,13040,16201,9575,1,0,1,26,1684,1860,1
836,190,1,1,13040,1,1-3-4-6,5,13040,16201,9575,1,0,0,23,1700,1875,0
836,190,1,1,13040,1,1-3-4-6,5,13040,16201,9575,1,0,1,26,1885,2050,1
836,190,1,1,13040,1,1-3-4-6,5,13040,16201,9575,1,0,1,28,1920,2090,1
836,190,1,1,13040,1,1-3-4-6,5,13040,16201,9575,1,0,0,27,1810,2141,0
836,190,1,1,13040,1,1-3-4-6,5,13040,16201,9575,1,0,0,29,2330,2395,0
836,190,1,1,13040,1,1-3-4-6,5,13040,16201,9575,1,0,0,31,2125,2420,0
836,190,1,1,13040,1,1-3-4-6,5,13040,16201,9575,1,0,1,28,2115,2461,1
836,190,1,1,13040,1,1-3-4-6,5,13040,16201,9575,1,0,1,32,2235,2531,1
836,190,1,1,13040,1,1-3-4-6,5,13040,16201,9575,1,0,0,31,2445,2596,0
836,190,1,1,13040,1,1-3-4-6,5,13040,16201,9575,1,0,0,34,2520,2702,0
836,190,1,1,13040,1,1-3-4-6,5,13040,16201,9575,1,0,1,32,2551,2781,1
836,190,1,1,13040,1,1-3-4-6,5,13040,16201,9575,1,0,1,36,2691,2896,1
836,190,1,1,13040,1,1-3-4-6,5,13040,16201,9575,1,0,0,33,2681,2932,0
836,190,1,1,13040,1,1-3-4-6,5,13040,16201,9575,1,0,0,29,2972,2992,0
836,190,1,1,13040,1,1-3-4-6,5,13040,16201,9575,1,0,0,31,2972,2992,0
836,190,1,1,13040,1,1-3-4-6,5,13040,16201,9575,1,0,1,36,2916,3161,1
836,190,1,1,13040,1,1-3-4-6,5,13040,16201,3002,3,1,0,1,63,93,0
836,190,1,1,13040,1,1-3-4-6,5,13040,16201,3002,3,1,1,1,0,134,1
836,190,1,1,13040,1,1-3-4-6,5,13040,16201,3002,3,1,1,1,159,184,1
836,190,1,1,13040,1,1-3-4-6,5,13040,16201,3002,3,1,0,2,123,205,0
836,190,1,1,13040,1,1-3-4-6,5,13040,16201,3002,3,1,1,1,216,236,1
836,190,1,1,13040,1,1-3-4-6,5,13040,16201,3002,3,1,0,1,226,262,0
836,190,1,1,13040,1,1-3-4-6,5,13040,16201,3002,3,1,1,1,252,272,1
836,190,1,1,13040,1,1-3-4-6,5,13040,16201,3002,3,1,1,4,195,272,1
836,190,1,1,13040,1,1-3-4-6,5,13040,16201,3002,3,1,0,2,226,308,0
836,190,1,1,13040,1,1-3-4-6,5,13040,16201,3002,3,1,1,1,298,318,1
836,190,1,1,13040,1,1-3-4-6,5,13040,16201,3002,3,1,0,8,308,344,0
836,190,1,1,13040,1,1-3-4-6,5,13040,16201,3002,3,1,1,4,298,355,1
836,190,1,1,13040,1,1-3-4-6,5,13040,16201,3002,3,1,0,2,334,376,0
836,190,1,1,13040,1,1-3-4-6,5,13040,16201,3002,3,1,1,1,365,418,1
836,190,1,1,13040,1,1-3-4-6,5,13040,16201,3002,3,1,0,9,376,428,0
836,190,1,1,13040,1,1-3-4-6,5,13040,16201,3002,3,1,0,8,397,439,0
836,190,1,1,13040,1,1-3-4-6,5,13040,16201,3002,3,1,1,4,407,449,1
836,190,1,1,13040,1,1-3-4-6,5,13040,16201,3002,3,1,0,9,459,480,0
836,190,1,1,13040,1,1-3-4-6,5,13040,16201,3002,3,1,0,8,470,491,0
836,190,1,1,13040,1,1-3-4-6,5,13040,16201,3002,3,1,1,11,386,501,1
836,190,1,1,13040,1,1-3-4-6,5,13040,16201,3002,3,1,0,9,511,542,0
836,190,1,1,13040,1,1-3-4-6,5,13040,16201,3002,3,1,0,8,522,553,0
836,190,1,1,13040,1,1-3-4-6,5,13040,16201,3002,3,1,0,12,522,563,0
836,190,1,1,13040,1,1-3-4-6,5,13040,16201,3002,3,1,0,9,563,584,0
836,190,1,1,13040,1,1-3-4-6,5,13040,16201,3002,3,1,0,12,594,615,0
836,190,1,1,13040,1,1-3-4-6,5,13040,16201,3002,3,1,0,9,605,625,0
836,190,1,1,13040,1,1-3-4-6,5,13040,16201,3002,3,1,1,11,532,646,1
836,190,1,1,13040,1,1-3-4-6,5,13040,16201,3002,3,1,0,9,656,667,0
836,190,1,1,13040,1,1-3-4-6,5,13040,16201,3002,3,1,1,14,573,677,1
836,190,1,1,13040,1,1-3-4-6,5,13040,16201,3002,3,1,0,15,636,723,0
836,190,1,1,13040,1,1-3-4-6,5,13040,16201,3002,3,1,1,16,707,867,1
836,190,1,1,13040,1,1-3-4-6,5,13040,16201,3002,3,1,0,9,932,953,0
836,190,1,1,13040,1,1-3-4-6,5,13040,16201,3002,3,1,1,14,942,963,1
836,190,1,1,13040,1,1-3-4-6,5,13040,16201,3002,3,1,0,17,822,973,0
836,190,1,1,13040,1,1-3-4-6,5,13040,16201,3002,3,1,1,18,963,1059,1
836,190,1,1,13040,1,1-3-4-6,5,13040,16201,3002,3,1,0,19,1039,1069,0
836,190,1,1,13040,1,1-3-4-6,5,13040,16201,3002,3,1,0,17,994,1110,0
836,190,1,1,13040,1,1-3-4-6,5,13040,16201,3002,3,1,0,21,1110,1329,0
836,190,1,1,13040,1,1-3-4-6,5,13040,16201,3002,3,1,1,18,1080,1365,1
836,190,1,1,13040,1,1-3-4-6,5,13040,16201,3002,3,1,1,22,1284,1583,1
836,190,1,1,13040,1,1-3-4-6,5,13040,16201,3002,3,1,0,21,1354,1639,0
836,190,1,1,13040,1,1-3-4-6,5,13040,16201,3002,3,1,0,23,1454,1674,0
836,190,1,1,13040,1,1-3-4-6,5,13040,16201,3002,3,1,1,22,1609,1725,1
836,190,1,1,13040,1,1-3-4-6,5,13040,16201,3002,3,1,1,26,1684,1860,1
836,190,1,1,13040,1,1-3-4-6,5,13040,16201,3002,3,1,0,23,1700,1875,0
836,190,1,1,13040,1,1-3-4-6,5,13040,16201,3002,3,1,1,26,1885,2050,1
836,190,1,1,13040,1,1-3-4-6,5,13040,16201,3002,3,1,1,28,1920,2090,1
836,190,1,1,13040,1,1-3-4-6,5,13040,16201,3002,3,1,0,27,1810,2141,0
836,190,1,1,13040,1,1-3-4-6,5,13040,16201,3002,3,1,0,29,2330,2395,0
836,190,1,1,13040,1,1-3-4-6,5,13040,16201,3002,3,1,0,31,2125,2420,0
836,190,1,1,13040,1,1-3-4-6,5,13040,16201,3002,3,1,1,28,2115,2461,1
836,190,1,1,13040,1,1-3-4-6,5,13040,16201,3002,3,1,1,32,2235,2531,1
836,190,1,1,13040,1,1-3-4-6,5,13040,16201,3002,3,1,0,31,2445,2596,0
836,190,1,1,13040,1,1-3-4-6,5,13040,16201,3002,3,1,0,34,2520,2702,0
836,190,1,1,13040,1,1-3-4-6,5,13040,16201,3002,3,1,1,32,2551,2781,1
836,190,1,1,13040,1,1-3-4-6,5,13040,16201,3002,3,1,1,36,2691,2896,1
836,190,1,1,13040,1,1-3-4-6,5,13040,16201,3002,3,1,0,33,2681,2932,0
836,190,1,1,13040,1,1-3-4-6,5,13040,16201,3002,3,1,0,29,2972,2992,0
836,190,1,1,13040,1,1-3-4-6,5,13040,16201,3002,3,1,0,31,2972,2992,0
836,190,1,1,13040,1,1-3-4-6,5,13040,16201,3002,3,1,1,36,2916,3161,1
836,190,1,1,13040,1,1-3-4-6,5,13040,16201,463,4,2,0,1,63,93,0
836,190,1,1,13040,1,1-3-4-6,5,13040,16201,463,4,2,1,1,0,134,1
836,190,1,1,13040,1,1-3-4-6,5,13040,16201,463,4,2,1,1,159,184,1
836,190,1,1,13040,1,1-3-4-6,5,13040,16201,463,4,2,0,2,123,205,0
836,190,1,1,13040,1,1-3-4-6,5,13040,16201,463,4,2,1,1,216,236,1
836,190,1,1,13040,1,1-3-4-6,5,13040,16201,463,4,2,0,1,226,262,0
836,190,1,1,13040,1,1-3-4-6,5,13040,16201,463,4,2,1,1,252,272,1
836,190,1,1,13040,1,1-3-4-6,5,13040,16201,463,4,2,1,4,195,272,1
836,190,1,1,13040,1,1-3-4-6,5,13040,16201,463,4,2,0,2,226,308,0
836,190,1,1,13040,1,1-3-4-6,5,13040,16201,463,4,2,1,1,298,318,1
836,190,1,1,13040,1,1-3-4-6,5,13040,16201,463,4,2,0,8,308,344,0
836,190,1,1,13040,1,1-3-4-6,5,13040,16201,463,4,2,1,4,298,355,1
836,190,1,1,13040,1,1-3-4-6,5,13040,16201,463,4,2,0,2,334,376,0
836,190,1,1,13040,1,1-3-4-6,5,13040,16201,463,4,2,1,1,365,418,1
836,190,1,1,13040,1,1-3-4-6,5,13040,16201,463,4,2,0,9,376,428,0
836,190,1,1,13040,1,1-3-4-6,5,13040,16201,463,4,2,0,8,397,439,0
836,190,1,1,13040,1,1-3-4-6,5,13040,16201,463,4,2,1,4,407,449,1
836,190,1,1,13040,1,1-3-4-6,5,13040,16201,463,4,2,0,9,459,480,0
836,190,1,1,13040,1,1-3-4-6,5,13040,16201,463,4,2,0,8,470,491,0
836,190,1,1,13040,1,1-3-4-6,5,13040,16201,463,4,2,1,11,386,501,1
836,190,1,1,13040,1,1-3-4-6,5,13040,16201,463,4,2,0,9,511,542,0
836,190,1,1,13040,1,1-3-4-6,5,13040,16201,463,4,2,0,8,522,553,0
836,190,1,1,13040,1,1-3-4-6,5,13040,16201,463,4,2,0,12,522,563,0
836,190,1,1,13040,1,1-3-4-6,5,13040,16201,463,4,2,0,9,563,584,0
836,190,1,1,13040,1,1-3-4-6,5,13040,16201,463,4,2,0,12,594,615,0
836,190,1,1,13040,1,1-3-4-6,5,13040,16201,463,4,2,0,9,605,625,0
836,190,1,1,13040,1,1-3-4-6,5,13040,16201,463,4,2,1,11,532,646,1
836,190,1,1,13040,1,1-3-4-6,5,13040,16201,463,4,2,0,9,656,667,0
836,190,1,1,13040,1,1-3-4-6,5,13040,16201,463,4,2,1,14,573,677,1
836,190,1,1,13040,1,1-3-4-6,5,13040,16201,463,4,2,0,15,636,723,0
836,190,1,1,13040,1,1-3-4-6,5,13040,16201,463,4,2,1,16,707,867,1
836,190,1,1,13040,1,1-3-4-6,5,13040,16201,463,4,2,0,9,932,953,0
836,190,1,1,13040,1,1-3-4-6,5,13040,16201,463,4,2,1,14,942,963,1
836,190,1,1,13040,1,1-3-4-6,5,13040,16201,463,4,2,0,17,822,973,0
836,190,1,1,13040,1,1-3-4-6,5,13040,16201,463,4,2,1,18,963,1059,1
836,190,1,1,13040,1,1-3-4-6,5,13040,16201,463,4,2,0,19,1039,1069,0
836,190,1,1,13040,1,1-3-4-6,5,13040,16201,463,4,2,0,17,994,1110,0
836,190,1,1,13040,1,1-3-4-6,5,13040,16201,463,4,2,0,21,1110,1329,0
836,190,1,1,13040,1,1-3-4-6,5,13040,16201,463,4,2,1,18,1080,1365,1
836,190,1,1,13040,1,1-3-4-6,5,13040,16201,463,4,2,1,22,1284,1583,1
836,190,1,1,13040,1,1-3-4-6,5,13040,16201,463,4,2,0,21,1354,1639,0
836,190,1,1,13040,1,1-3-4-6,5,13040,16201,463,4,2,0,23,1454,1674,0
836,190,1,1,13040,1,1-3-4-6,5,13040,16201,463,4,2,1,22,1609,1725,1
836,190,1,1,13040,1,1-3-4-6,5,13040,16201,463,4,2,1,26,1684,1860,1
836,190,1,1,13040,1,1-3-4-6,5,13040,16201,463,4,2,0,23,1700,1875,0
836,190,1,1,13040,1,1-3-4-6,5,13040,16201,463,4,2,1,26,1885,2050,1
836,190,1,1,13040,1,1-3-4-6,5,13040,16201,463,4,2,1,28,1920,2090,1
836,190,1,1,13040,1,1-3-4-6,5,13040,16201,463,4,2,0,27,1810,2141,0
836,190,1,1,13040,1,1-3-4-6,5,13040,16201,463,4,2,0,29,2330,2395,0
836,190,1,1,13040,1,1-3-4-6,5,13040,16201,463,4,2,0,31,2125,2420,0
836,190,1,1,13040,1,1-3-4-6,5,13040,16201,463,4,2,1,28,2115,2461,1
836,190,1,1,13040,1,1-3-4-6,5,13040,16201,463,4,2,1,32,2235,2531,1
836,190,1,1,13040,1,1-3-4-6,5,13040,16201,463,4,2,0,31,2445,2596,0
836,190,1,1,13040,1,1-3-4-6,5,13040,16201,463,4,2,0,34,2520,2702,0
836,190,1,1,13040,1,1-3-4-6,5,13040,16201,463,4,2,1,32,2551,2781,1
836,190,1,1,13040,1,1-3-4-6,5,13040,16201,463,4,2,1,36,2691,2896,1
836,190,1,1,13040,1,1-3-4-6,5,13040,16201,463,4,2,0,33,2681,2932,0
836,190,1,1,13040,1,1-3-4-6,5,13040,16201,463,4,2,0,29,2972,2992,0
836,190,1,1,13040,1,1-3-4-6,5,13040,16201,463,4,2,0,31,2972,2992,0
836,190,1,1,13040,1,1-3-4-6,5,13040,16201,463,4,2,1,36,2916,3161,1
836,190,1,1,13040,1,1-3-4-6,5,13040,16201,3161,6,3,0,1,63,93,0
836,190,1,1,13040,1,1-3-4-6,5,13040,16201,3161,6,3,1,1,0,134,1
836,190,1,1,13040,1,1-3-4-6,5,13040,16201,3161,6,3,1,1,159,184,1
836,190,1,1,13040,1,1-3-4-6,5,13040,16201,3161,6,3,0,2,123,205,0
836,190,1,1,13040,1,1-3-4-6,5,13040,16201,3161,6,3,1,1,216,236,1
836,190,1,1,13040,1,1-3-4-6,5,13040,16201,3161,6,3,0,1,226,262,0
836,190,1,1,13040,1,1-3-4-6,5,13040,16201,3161,6,3,1,1,252,272,1
836,190,1,1,13040,1,1-3-4-6,5,13040,16201,3161,6,3,1,4,195,272,1
836,190,1,1,13040,1,1-3-4-6,5,13040,16201,3161,6,3,0,2,226,308,0
836,190,1,1,13040,1,1-3-4-6,5,13040,16201,3161,6,3,1,1,298,318,1
836,190,1,1,13040,1,1-3-4-6,5,13040,16201,3161,6,3,0,8,308,344,0
836,190,1,1,13040,1,1-3-4-6,5,13040,16201,3161,6,3,1,4,298,355,1
836,190,1,1,13040,1,1-3-4-6,5,13040,16201,3161,6,3,0,2,334,376,0
836,190,1,1,13040,1,1-3-4-6,5,13040,16201,3161,6,3,1,1,365,418,1
836,190,1,1,13040,1,1-3-4-6,5,13040,16201,3161,6,3,0,9,376,428,0
836,190,1,1,13040,1,1-3-4-6,5,13040,16201,3161,6,3,0,8,397,439,0
836,190,1,1,13040,1,1-3-4-6,5,13040,16201,3161,6,3,1,4,407,449,1
836,190,1,1,13040,1,1-3-4-6,5,13040,16201,3161,6,3,0,9,459,480,0
836,190,1,1,13040,1,1-3-4-6,5,13040,16201,3161,6,3,0,8,470,491,0
836,190,1,1,13040,1,1-3-4-6,5,13040,16201,3161,6,3,1,11,386,501,1
836,190,1,1,13040,1,1-3-4-6,5,13040,16201,3161,6,3,0,9,511,542,0
836,190,1,1,13040,1,1-3-4-6,5,13040,16201,3161,6,3,0,8,522,553,0
836,190,1,1,13040,1,1-3-4-6,5,13040,16201,3161,6,3,0,12,522,563,0
836,190,1,1,13040,1,1-3-4-6,5,13040,16201,3161,6,3,0,9,563,584,0
836,190,1,1,13040,1,1-3-4-6,5,13040,16201,3161,6,3,0,12,594,615,0
836,190,1,1,13040,1,1-3-4-6,5,13040,16201,3161,6,3,0,9,605,625,0
836,190,1,1,13040,1,1-3-4-6,5,13040,16201,3161,6,3,1,11,532,646,1
836,190,1,1,13040,1,1-3-4-6,5,13040,16201,3161,6,3,0,9,656,667,0
836,190,1,1,13040,1,1-3-4-6,5,13040,16201,3161,6,3,1,14,573,677,1
836,190,1,1,13040,1,1-3-4-6,5,13040,16201,3161,6,3,0,15,636,723,0
836,190,1,1,13040,1,1-3-4-6,5,13040,16201,3161,6,3,1,16,707,867,1
836,190,1,1,13040,1,1-3-4-6,5,13040,16201,3161,6,3,0,9,932,953,0
836,190,1,1,13040,1,1-3-4-6,5,13040,16201,3161,6,3,1,14,942,963,1
836,190,1,1,13040,1,1-3-4-6,5,13040,16201,3161,6,3,0,17,822,973,0
836,190,1,1,13040,1,1-3-4-6,5,13040,16201,3161,6,3,1,18,963,1059,1
836,190,1,1,13040,1,1-3-4-6,5,13040,16201,3161,6,3,0,19,1039,1069,0
836,190,1,1,13040,1,1-3-4-6,5,13040,16201,3161,6,3,0,17,994,1110,0
836,190,1,1,13040,1,1-3-4-6,5,13040,16201,3161,6,3,0,21,1110,1329,0
836,190,1,1,13040,1,1-3-4-6,5,13040,16201,3161,6,3,1,18,1080,1365,1
836,190,1,1,13040,1,1-3-4-6,5,13040,16201,3161,6,3,1,22,1284,1583,1
836,190,1,1,13040,1,1-3-4-6,5,13040,16201,3161,6,3,0,21,1354,1639,0
836,190,1,1,13040,1,1-3-4-6,5,13040,16201,3161,6,3,0,23,1454,1674,0
836,190,1,1,13040,1,1-3-4-6,5,13040,16201,3161,6,3,1,22,1609,1725,1
836,190,1,1,13040,1,1-3-4-6,5,13040,16201,3161,6,3,1,26,1684,1860,1
836,190,1,1,13040,1,1-3-4-6,5,13040,16201,3161,6,3,0,23,1700,1875,0
836,190,1,1,13040,1,1-3-4-6,5,13040,16201,3161,6,3,1,26,1885,2050,1
836,190,1,1,13040,1,1-3-4-6,5,13040,16201,3161,6,3,1,28,1920,2090,1
836,190,1,1,13040,1,1-3-4-6,5,13040,16201,3161,6,3,0,27,1810,2141,0
836,190,1,1,13040,1,1-3-4-6,5,13040,16201,3161,6,3,0,29,2330,2395,0
836,190,1,1,13040,1,1-3-4-6,5,13040,16201,3161,6,3,0,31,2125,2420,0
836,190,1,1,13040,1,1-3-4-6,5,13040,16201,3161,6,3,1,28,2115,2461,1
836,190,1,1,13040,1,1-3-4-6,5,13040,16201,3161,6,3,1,32,2235,2531,1
836,190,1,1,13040,1,1-3-4-6,5,13040,16201,3161,6,3,0,31,2445,2596,0
836,190,1,1,13040,1,1-3-4-6,5,13040,16201,3161,6,3,0,34,2520,2702,0
836,190,1,1,13040,1,1-3-4-6,5,13040,16201,3161,6,3,1,32,2551,2781,1
836,190,1,1,13040,1,1-3-4-6,5,13040,16201,3161,6,3,1,36,2691,2896,1
836,190,1,1,13040,1,1-3-4-6,5,13040,16201,3161,6,3,0,33,2681,2932,0
836,190,1,1,13040,1,1-3-4-6,5,13040,16201,3161,6,3,0,29,2972,2992,0
836,190,1,1,13040,1,1-3-4-6,5,13040,16201,3161,6,3,0,31,2972,2992,0
836,190,1,1,13040,1,1-3-4-6,5,13040,16201,3161,6,3,1,36,2916,3161,1
836,190,1,2,18977,0,1-3-4-6,4,14371,19046,11369,1,0,1,36,69,94,0
836,190,1,2,18977,0,1-3-4-6,4,14371,19046,11369,1,0,1,34,169,521,0
836,190,1,2,18977,0,1-3-4-6,4,14371,19046,11369,1,0,0,37,0,567,1
836,190,1,2,18977,0,1-3-4-6,4,14371,19046,11369,1,0,0,33,466,627,1
836,190,1,2,18977,0,1-3-4-6,4,14371,19046,11369,1,0,1,34,547,707,0
836,190,1,2,18977,0,1-3-4-6,4,14371,19046,11369,1,0,1,30,662,807,0
836,190,1,2,18977,0,1-3-4-6,4,14371,19046,11369,1,0,0,33,647,833,1
836,190,1,2,18977,0,1-3-4-6,4,14371,19046,11369,1,0,0,29,757,913,1
836,190,1,2,18977,0,1-3-4-6,4,14371,19046,11369,1,0,1,30,843,959,0
836,190,1,2,18977,0,1-3-4-6,4,14371,19046,11369,1,0,1,26,949,1103,0
836,190,1,2,18977,0,1-3-4-6,4,14371,19046,11369,1,0,0,29,938,1114,1
836,190,1,2,18977,0,1-3-4-6,4,14371,19046,11369,1,0,0,25,1058,1249,1
836,190,1,2,18977,0,1-3-4-6,4,14371,19046,11369,1,0,1,26,1124,1344,0
836,190,1,2,18977,0,1-3-4-6,4,14371,19046,11369,1,0,1,24,1189,1429,0
836,190,1,2,18977,0,1-3-4-6,4,14371,19046,11369,1,0,0,25,1274,1608,1
836,190,1,2,18977,0,1-3-4-6,4,14371,19046,11369,1,0,0,23,1364,1723,1
836,190,1,2,18977,0,1-3-4-6,4,14371,19046,11369,1,0,1,24,1454,2472,0
836,190,1,2,18977,0,1-3-4-6,4,14371,19046,11369,1,0,0,21,2532,2626,1
836,190,1,2,18977,0,1-3-4-6,4,14371,19046,11369,1,0,1,22,1619,2875,0
836,190,1,2,18977,0,1-3-4-6,4,14371,19046,11369,1,0,1,20,2642,2915,0
836,190,1,2,18977,0,1-3-4-6,4,14371,19046,11369,1,0,0,23,1749,2940,1
836,190,1,2,18977,0,1-3-4-6,4,14371,19046,11369,1,0,0,23,2971,2992,1
836,190,1,2,18977,0,1-3-4-6,4,14371,19046,11369,1,0,1,20,2950,3096,0
836,190,1,2,18977,0,1-3-4-6,4,14371,19046,11369,1,0,1,18,2961,3122,0
836,190,1,2,18977,0,1-3-4-6,4,14371,19046,11369,1,0,0,17,3086,3232,1
836,190,1,2,18977,0,1-3-4-6,4,14371,19046,11369,1,0,1,18,3147,3372,0
836,190,1,2,18977,0,1-3-4-6,4,14371,19046,11369,1,0,1,16,3222,3422,0
836,190,1,2,18977,0,1-3-4-6,4,14371,19046,11369,1,0,0,17,3257,3498,1
836,190,1,2,18977,0,1-3-4-6,4,14371,19046,11369,1,0,0,15,3382,3568,1
836,190,1,2,18977,0,1-3-4-6,4,14371,19046,11369,1,0,1,16,3448,3673,0
836,190,1,2,18977,0,1-3-4-6,4,14371,19046,11369,1,0,1,14,3508,3812,0
836,190,1,2,18977,0,1-3-4-6,4,14371,19046,11369,1,0,0,15,3593,3928,1
836,190,1,2,18977,0,1-3-4-6,4,14371,19046,11369,1,0,1,12,3893,3938,0
836,190,1,2,18977,0,1-3-4-6,4,14371,19046,11369,1,0,0,13,3767,3994,1
836,190,1,2,18977,0,1-3-4-6,4,14371,19046,11369,1,0,1,14,3838,4138,0
836,190,1,2,18977,0,1-3-4-6,4,14371,19046,11369,1,0,1,12,3973,4193,0
836,190,1,2,18977,0,1-3-4-6,4,14371,19046,11369,1,0,0,11,4249,4274,1
836,190,1,2,18977,0,1-3-4-6,4,14371,19046,11369,1,0,1,10,4234,4483,0
836,190,1,2,18977,0,1-3-4-6,4,14371,19046,11369,1,0,0,13,4019,4498,1
836,190,1,2,18977,0,1-3-4-6,4,14371,19046,11369,1,0,0,9,4399,4623,1
836,190,1,2,18977,0,1-3-4-6,4,14371,19046,11369,1,0,1,12,4218,4659,0
836,190,1,2,18977,0,1-3-4-6,4,14371,19046,11369,1,0,0,9,4649,4868,1
836,190,1,2,18977,0,1-3-4-6,4,14371,19046,11369,1,0,0,7,4684,4913,1
836,190,1,2,18977,0,1-3-4-6,4,14371,19046,11369,1,0,1,8,4558,5043,0
836,190,1,2,18977,0,1-3-4-6,4,14371,19046,11369,1,0,1,6,4858,5054,0
836,190,1,2,18977,0,1-3-4-6,4,14371,19046,11369,1,0,1,6,5074,5095,0
836,190,1,2,18977,0,1-3-4-6,4,14371,19046,11369,1,0,0,5,5033,6120,1
836,190,1,2,18977,0,1-3-4-6,4,14371,19046,11369,1,0,1,7,5095,6294,0
836,190,1,2,18977,0,1-3-4-6,4,14371,19046,11369,1,0,0,7,4939,6503,1
836,190,1,2,18977,0,1-3-4-6,4,14371,19046,11369,1,0,0,3,6324,6702,1
836,190,1,2,18977,0,1-3-4-6,4,14371,19046,11369,1,0,0,5,6743,6852,1
836,190,1,2,18977,0,1-3-4-6,4,14371,19046,11369,1,0,1,2,6642,6872,0
836,190,1,2,18977,0,1-3-4-6,4,14371,19046,11369,1,0,1,4,5120,7516,0
836,190,1,2,18977,0,1-3-4-6,4,14371,19046,11369,1,0,0,3,6722,7730,1
836,190,1,2,18977,0,1-3-4-6,4,14371,19046,3002,3,1,1,36,69,94,0
836,190,1,2,18977,0,1-3-4-6,4,14371,19046,3002,3,1,1,34,169,521,0
836,190,1,2,18977,0,1-3-4-6,4,14371,19046,3002,3,1,0,37,0,567,1
836,190,1,2,18977,0,1-3-4-6,4,14371,19046,3002,3,1,0,33,466,627,1
836,190,1,2,18977,0,1-3-4-6,4,14371,19046,3002,3,1,1,34,547,707,0
836,190,1,2,18977,0,1-3-4-6,4,14371,19046,3002,3,1,1,30,662,807,0
836,190,1,2,18977,0,1-3-4-6,4,14371,19046,3002,3,1,0,33,647,833,1
836,190,1,2,18977,0,1-3-4-6,4,14371,19046,3002,3,1,0,29,757,913,1
836,190,1,2,18977,0,1-3-4-6,4,14371,19046,3002,3,1,1,30,843,959,0
836,190,1,2,18977,0,1-3-4-6,4,14371,19046,3002,3,1,1,26,949,1103,0
836,190,1,2,18977,0,1-3-4-6,4,14371,19046,3002,3,1,0,29,938,1114,1
836,190,1,2,18977,0,1-3-4-6,4,14371,19046,3002,3,1,0,25,1058,1249,1
836,190,1,2,18977,0,1-3-4-6,4,14371,19046,3002,3,1,1,26,1124,1344,0
836,190,1,2,18977,0,1-3-4-6,4,14371,19046,3002,3,1,1,24,1189,1429,0
836,190,1,2,18977,0,1-3-4-6,4,14371,19046,3002,3,1,0,25,1274,1608,1
836,190,1,2,18977,0,1-3-4-6,4,14371,19046,3002,3,1,0,23,1364,1723,1
836,190,1,2,18977,0,1-3-4-6,4,14371,19046,3002,3,1,1,24,1454,2472,0
836,190,1,2,18977,0,1-3-4-6,4,14371,19046,3002,3,1,0,21,2532,2626,1
836,190,1,2,18977,0,1-3-4-6,4,14371,19046,3002,3,1,1,22,1619,2875,0
836,190,1,2,18977,0,1-3-4-6,4,14371,19046,3002,3,1,1,20,2642,2915,0
836,190,1,2,18977,0,1-3-4-6,4,14371,19046,3002,3,1,0,23,1749,2940,1
836,190,1,2,18977,0,1-3-4-6,4,14371,19046,3002,3,1,0,23,2971,2992,1
836,190,1,2,18977,0,1-3-4-6,4,14371,19046,3002,3,1,1,20,2950,3096,0
836,190,1,2,18977,0,1-3-4-6,4,14371,19046,3002,3,1,1,18,2961,3122,0
836,190,1,2,18977,0,1-3-4-6,4,14371,19046,3002,3,1,0,17,3086,3232,1
836,190,1,2,18977,0,1-3-4-6,4,14371,19046,3002,3,1,1,18,3147,3372,0
836,190,1,2,18977,0,1-3-4-6,4,14371,19046,3002,3,1,1,16,3222,3422,0
836,190,1,2,18977,0,1-3-4-6,4,14371,19046,3002,3,1,0,17,3257,3498,1
836,190,1,2,18977,0,1-3-4-6,4,14371,19046,3002,3,1,0,15,3382,3568,1
836,190,1,2,18977,0,1-3-4-6,4,14371,19046,3002,3,1,1,16,3448,3673,0
836,190,1,2,18977,0,1-3-4-6,4,14371,19046,3002,3,1,1,14,3508,3812,0
836,190,1,2,18977,0,1-3-4-6,4,14371,19046,3002,3,1,0,15,3593,3928,1
836,190,1,2,18977,0,1-3-4-6,4,14371,19046,3002,3,1,1,12,3893,3938,0
836,190,1,2,18977,0,1-3-4-6,4,14371,19046,3002,3,1,0,13,3767,3994,1
836,190,1,2,18977,0,1-3-4-6,4,14371,19046,3002,3,1,1,14,3838,4138,0
836,190,1,2,18977,0,1-3-4-6,4,14371,19046,3002,3,1,1,12,3973,4193,0
836,190,1,2,18977,0,1-3-4-6,4,14371,19046,3002,3,1,0,11,4249,4274,1
836,190,1,2,18977,0,1-3-4-6,4,14371,19046,3002,3,1,1,10,4234,4483,0
836,190,1,2,18977,0,1-3-4-6,4,14371,19046,3002,3,1,0,13,4019,4498,1
836,190,1,2,18977,0,1-3-4-6,4,14371,19046,3002,3,1,0,9,4399,4623,1
836,190,1,2,18977,0,1-3-4-6,4,14371,19046,3002,3,1,1,12,4218,4659,0
836,190,1,2,18977,0,1-3-4-6,4,14371,19046,3002,3,1,0,9,4649,4868,1
836,190,1,2,18977,0,1-3-4-6,4,14371,19046,3002,3,1,0,7,4684,4913,1
836,190,1,2,18977,0,1-3-4-6,4,14371,19046,3002,3,1,1,8,4558,5043,0
836,190,1,2,18977,0,1-3-4-6,4,14371,19046,3002,3,1,1,6,4858,5054,0
836,190,1,2,18977,0,1-3-4-6,4,14371,19046,3002,3,1,1,6,5074,5095,0
836,190,1,2,18977,0,1-3-4-6,4,14371,19046,3002,3,1,0,5,5033,6120,1
836,190,1,2,18977,0,1-3-4-6,4,14371,19046,3002,3,1,1,7,5095,6294,0
836,190,1,2,18977,0,1-3-4-6,4,14371,19046,3002,3,1,0,7,4939,6503,1
836,190,1,2,18977,0,1-3-4-6,4,14371,19046,3002,3,1,0,3,6324,6702,1
836,190,1,2,18977,0,1-3-4-6,4,14371,19046,3002,3,1,0,5,6743,6852,1
836,190,1,2,18977,0,1-3-4-6,4,14371,19046,3002,3,1,1,2,6642,6872,0
836,190,1,2,18977,0,1-3-4-6,4,14371,19046,3002,3,1,1,4,5120,7516,0
836,190,1,2,18977,0,1-3-4-6,4,14371,19046,3002,3,1,0,3,6722,7730,1
836,190,1,2,18977,0,1-3-4-6,4,14371,19046,4606,4,2,1,36,69,94,0
836,190,1,2,18977,0,1-3-4-6,4,14371,19046,4606,4,2,1,34,169,521,0
836,190,1,2,18977,0,1-3-4-6,4,14371,19046,4606,4,2,0,37,0,567,1
836,190,1,2,18977,0,1-3-4-6,4,14371,19046,4606,4,2,0,33,466,627,1
836,190,1,2,18977,0,1-3-4-6,4,14371,19046,4606,4,2,1,34,547,707,0
836,190,1,2,18977,0,1-3-4-6,4,14371,19046,4606,4,2,1,30,662,807,0
836,190,1,2,18977,0,1-3-4-6,4,14371,19046,4606,4,2,0,33,647,833,1
836,190,1,2,18977,0,1-3-4-6,4,14371,19046,4606,4,2,0,29,757,913,1
836,190,1,2,18977,0,1-3-4-6,4,14371,19046,4606,4,2,1,30,843,959,0
836,190,1,2,18977,0,1-3-4-6,4,14371,19046,4606,4,2,1,26,949,1103,0
836,190,1,2,18977,0,1-3-4-6,4,14371,19046,4606,4,2,0,29,938,1114,1
836,190,1,2,18977,0,1-3-4-6,4,14371,19046,4606,4,2,0,25,1058,1249,1
836,190,1,2,18977,0,1-3-4-6,4,14371,19046,4606,4,2,1,26,1124,1344,0
836,190,1,2,18977,0,1-3-4-6,4,14371,19046,4606,4,2,1,24,1189,1429,0
836,190,1,2,18977,0,1-3-4-6,4,14371,19046,4606,4,2,0,25,1274,1608,1
836,190,1,2,18977,0,1-3-4-6,4,14371,19046,4606,4,2,0,23,1364,1723,1
836,190,1,2,18977,0,1-3-4-6,4,14371,19046,4606,4,2,1,24,1454,2472,0
836,190,1,2,18977,0,1-3-4-6,4,14371,19046,4606,4,2,0,21,2532,2626,1
836,190,1,2,18977,0,1-3-4-6,4,14371,19046,4606,4,2,1,22,1619,2875,0
836,190,1,2,18977,0,1-3-4-6,4,14371,19046,4606,4,2,1,20,2642,2915,0
836,190,1,2,18977,0,1-3-4-6,4,14371,19046,4606,4,2,0,23,1749,2940,1
836,190,1,2,18977,0,1-3-4-6,4,14371,19046,4606,4,2,0,23,2971,2992,1
836,190,1,2,18977,0,1-3-4-6,4,14371,19046,4606,4,2,1,20,2950,3096,0
836,190,1,2,18977,0,1-3-4-6,4,14371,19046,4606,4,2,1,18,2961,3122,0
836,190,1,2,18977,0,1-3-4-6,4,14371,19046,4606,4,2,0,17,3086,3232,1
836,190,1,2,18977,0,1-3-4-6,4,14371,19046,4606,4,2,1,18,3147,3372,0
836,190,1,2,18977,0,1-3-4-6,4,14371,19046,4606,4,2,1,16,3222,3422,0
836,190,1,2,18977,0,1-3-4-6,4,14371,19046,4606,4,2,0,17,3257,3498,1
836,190,1,2,18977,0,1-3-4-6,4,14371,19046,4606,4,2,0,15,3382,3568,1
836,190,1,2,18977,0,1-3-4-6,4,14371,19046,4606,4,2,1,16,3448,3673,0
836,190,1,2,18977,0,1-3-4-6,4,14371,19046,4606,4,2,1,14,3508,3812,0
836,190,1,2,18977,0,1-3-4-6,4,14371,19046,4606,4,2,0,15,3593,3928,1
836,190,1,2,18977,0,1-3-4-6,4,14371,19046,4606,4,2,1,12,3893,3938,0
836,190,1,2,18977,0,1-3-4-6,4,14371,19046,4606,4,2,0,13,3767,3994,1
836,190,1,2,18977,0,1-3-4-6,4,14371,19046,4606,4,2,1,14,3838,4138,0
836,190,1,2,18977,0,1-3-4-6,4,14371,19046,4606,4,2,1,12,3973,4193,0
836,190,1,2,18977,0,1-3-4-6,4,14371,19046,4606,4,2,0,11,4249,4274,1
836,190,1,2,18977,0,1-3-4-6,4,14371,19046,4606,4,2,1,10,4234,4483,0
836,190,1,2,18977,0,1-3-4-6,4,14371,19046,4606,4,2,0,13,4019,4498,1
836,190,1,2,18977,0,1-3-4-6,4,14371,19046,4606,4,2,0,9,4399,4623,1
836,190,1,2,18977,0,1-3-4-6,4,14371,19046,4606,4,2,1,12,4218,4659,0
836,190,1,2,18977,0,1-3-4-6,4,14371,19046,4606,4,2,0,9,4649,4868,1
836,190,1,2,18977,0,1-3-4-6,4,14371,19046,4606,4,2,0,7,4684,4913,1
836,190,1,2,18977,0,1-3-4-6,4,14371,19046,4606,4,2,1,8,4558,5043,0
836,190,1,2,18977,0,1-3-4-6,4,14371,19046,4606,4,2,1,6,4858,5054,0
836,190,1,2,18977,0,1-3-4-6,4,14371,19046,4606,4,2,1,6,5074,5095,0
836,190,1,2,18977,0,1-3-4-6,4,14371,19046,4606,4,2,0,5,5033,6120,1
836,190,1,2,18977,0,1-3-4-6,4,14371,19046,4606,4,2,1,7,5095,6294,0
836,190,1,2,18977,0,1-3-4-6,4,14371,19046,4606,4,2,0,7,4939,6503,1
836,190,1,2,18977,0,1-3-4-6,4,14371,19046,4606,4,2,0,3,6324,6702,1
836,190,1,2,18977,0,1-3-4-6,4,14371,19046,4606,4,2,0,5,6743,6852,1
836,190,1,2,18977,0,1-3-4-6,4,14371,19046,4606,4,2,1,2,6642,6872,0
836,190,1,2,18977,0,1-3-4-6,4,14371,19046,4606,4,2,1,4,5120,7516,0
836,190,1,2,18977,0,1-3-4-6,4,14371,19046,4606,4,2,0,3,6722,7730,1
836,190,1,2,18977,0,1-3-4-6,4,14371,19046,7730,6,3,1,36,69,94,0
836,190,1,2,18977,0,1-3-4-6,4,14371,19046,7730,6,3,1,34,169,521,0
836,190,1,2,18977,0,1-3-4-6,4,14371,19046,7730,6,3,0,37,0,567,1
836,190,1,2,18977,0,1-3-4-6,4,14371,19046,7730,6,3,0,33,466,627,1
836,190,1,2,18977,0,1-3-4-6,4,14371,19046,7730,6,3,1,34,547,707,0
836,190,1,2,18977,0,1-3-4-6,4,14371,19046,7730,6,3,1,30,662,807,0
836,190,1,2,18977,0,1-3-4-6,4,14371,19046,7730,6,3,0,33,647,833,1
836,190,1,2,18977,0,1-3-4-6,4,14371,19046,7730,6,3,0,29,757,913,1
836,190,1,2,18977,0,1-3-4-6,4,14371,19046,7730,6,3,1,30,843,959,0
836,190,1,2,18977,0,1-3-4-6,4,14371,19046,7730,6,3,1,26,949,1103,0
836,190,1,2,18977,0,1-3-4-6,4,14371,19046,7730,6,3,0,29,938,1114,1
836,190,1,2,18977,0,1-3-4-6,4,14371,19046,7730,6,3,0,25,1058,1249,1
836,190,1,2,18977,0,1-3-4-6,4,14371,19046,7730,6,3,1,26,1124,1344,0
836,190,1,2,18977,0,1-3-4-6,4,14371,19046,7730,6,3,1,24,1189,1429,0
836,190,1,2,18977,0,1-3-4-6,4,14371,19046,7730,6,3,0,25,1274,1608,1
836,190,1,2,18977,0,1-3-4-6,4,14371,19046,7730,6,3,0,23,1364,1723,1
836,190,1,2,18977,0,1-3-4-6,4,14371,19046,7730,6,3,1,24,1454,2472,0
836,190,1,2,18977,0,1-3-4-6,4,14371,19046,7730,6,3,0,21,2532,2626,1
836,190,1,2,18977,0,1-3-4-6,4,14371,19046,7730,6,3,1,22,1619,2875,0
836,190,1,2,18977,0,1-3-4-6,4,14371,19046,7730,6,3,1,20,2642,2915,0
836,190,1,2,18977,0,1-3-4-6,4,14371,19046,7730,6,3,0,23,1749,2940,1
836,190,1,2,18977,0,1-3-4-6,4,14371,19046,7730,6,3,0,23,2971,2992,1
836,190,1,2,18977,0,1-3-4-6,4,14371,19046,7730,6,3,1,20,2950,3096,0
836,190,1,2,18977,0,1-3-4-6,4,14371,19046,7730,6,3,1,18,2961,3122,0
836,190,1,2,18977,0,1-3-4-6,4,14371,19046,7730,6,3,0,17,3086,3232,1
836,190,1,2,18977,0,1-3-4-6,4,14371,19046,7730,6,3,1,18,3147,3372,0
836,190,1,2,18977,0,1-3-4-6,4,14371,19046,7730,6,3,1,16,3222,3422,0
836,190,1,2,18977,0,1-3-4-6,4,14371,19046,7730,6,3,0,17,3257,3498,1
836,190,1,2,18977,0,1-3-4-6,4,14371,19046,7730,6,3,0,15,3382,3568,1
836,190,1,2,18977,0,1-3-4-6,4,14371,19046,7730,6,3,1,16,3448,3673,0
836,190,1,2,18977,0,1-3-4-6,4,14371,19046,7730,6,3,1,14,3508,3812,0
836,190,1,2,18977,0,1-3-4-6,4,14371,19046,7730,6,3,0,15,3593,3928,1
836,190,1,2,18977,0,1-3-4-6,4,14371,19046,7730,6,3,1,12,3893,3938,0
836,190,1,2,18977,0,1-3-4-6,4,14371,19046,7730,6,3,0,13,3767,3994,1
836,190,1,2,18977,0,1-3-4-6,4,14371,19046,7730,6,3,1,14,3838,4138,0
836,190,1,2,18977,0,1-3-4-6,4,14371,19046,7730,6,3,1,12,3973,4193,0
836,190,1,2,18977,0,1-3-4-6,4,14371,19046,7730,6,3,0,11,4249,4274,1
836,190,1,2,18977,0,1-3-4-6,4,14371,19046,7730,6,3,1,10,4234,4483,0
836,190,1,2,18977,0,1-3-4-6,4,14371,19046,7730,6,3,0,13,4019,4498,1
836,190,1,2,18977,0,1-3-4-6,4,14371,19046,7730,6,3,0,9,4399,4623,1
836,190,1,2,18977,0,1-3-4-6,4,14371,19046,7730,6,3,1,12,4218,4659,0
836,190,1,2,18977,0,1-3-4-6,4,14371,19046,7730,6,3,0,9,4649,4868,1
836,190,1,2,18977,0,1-3-4-6,4,14371,19046,7730,6,3,0,7,4684,4913,1
836,190,1,2,18977,0,1-3-4-6,4,14371,19046,7730,6,3,1,8,4558,5043,0
836,190,1,2,18977,0,1-3-4-6,4,14371,19046,7730,6,3,1,6,4858,5054,0
836,190,1,2,18977,0,1-3-4-6,4,14371,19046,7730,6,3,1,6,5074,5095,0
836,190,1,2,18977,0,1-3-4-6,4,14371,19046,7730,6,3,0,5,5033,6120,1
836,190,1,2,18977,0,1-3-4-6,4,14371,19046,7730,6,3,1,7,5095,6294,0
836,190,1,2,18977,0,1-3-4-6,4,14371,19046,7730,6,3,0,7,4939,6503,1
836,190,1,2,18977,0,1-3-4-6,4,14371,19046,7730,6,3,0,3,6324,6702,1
836,190,1,2,18977,0,1-3-4-6,4,14371,19046,7730,6,3,0,5,6743,6852,1
836,190,1,2,18977,0,1-3-4-6,4,14371,19046,7730,6,3,1,2,6642,6872,0
836,190,1,2,18977,0,1-3-4-6,4,14371,19046,7730,6,3,1,4,5120,7516,0
836,190,1,2,18977,0,1-3-4-6,4,14371,19046,7730,6,3,0,3,6722,7730,1
836,190,1,2,18977,0,1-3-4-6,3,11369,26707,11369,1,0,1,36,69,94,0
836,190,1,2,18977,0,1-3-4-6,3,11369,26707,11369,1,0,1,34,169,521,0
836,190,1,2,18977,0,1-3-4-6,3,11369,26707,11369,1,0,0,37,0,567,1
836,190,1,2,18977,0,1-3-4-6,3,11369,26707,11369,1,0,0,33,466,627,1
836,190,1,2,18977,0,1-3-4-6,3,11369,26707,11369,1,0,1,34,547,707,0
836,190,1,2,18977,0,1-3-4-6,3,11369,26707,11369,1,0,1,30,662,807,0
836,190,1,2,18977,0,1-3-4-6,3,11369,26707,11369,1,0,0,33,647,833,1
836,190,1,2,18977,0,1-3-4-6,3,11369,26707,11369,1,0,0,29,757,913,1
836,190,1,2,18977,0,1-3-4-6,3,11369,26707,11369,1,0,1,30,843,959,0
836,190,1,2,18977,0,1-3-4-6,3,11369,26707,11369,1,0,1,26,949,1103,0
836,190,1,2,18977,0,1-3-4-6,3,11369,26707,11369,1,0,0,29,938,1114,1
836,190,1,2,18977,0,1-3-4-6,3,11369,26707,11369,1,0,0,25,1058,1249,1
836,190,1,2,18977,0,1-3-4-6,3,11369,26707,11369,1,0,1,26,1124,1344,0
836,190,1,2,18977,0,1-3-4-6,3,11369,26707,11369,1,0,1,24,1189,1429,0
836,190,1,2,18977,0,1-3-4-6,3,11369,26707,11369,1,0,0,25,1274,1608,1
836,190,1,2,18977,0,1-3-4-6,3,11369,26707,11369,1,0,0,23,1364,1723,1
836,190,1,2,18977,0,1-3-4-6,3,11369,26707,11369,1,0,1,24,1454,2472,0
836,190,1,2,18977,0,1-3-4-6,3,11369,26707,11369,1,0,0,21,2532,2626,1
836,190,1,2,18977,0,1-3-4-6,3,11369,26707,11369,1,0,1,22,1619,2875,0
836,190,1,2,18977,0,1-3-4-6,3,11369,26707,11369,1,0,1,20,2642,2915,0
836,190,1,2,18977,0,1-3-4-6,3,11369,26707,11369,1,0,0,23,1749,2940,1
836,190,1,2,18977,0,1-3-4-6,3,11369,26707,11369,1,0,0,23,2971,2992,1
836,190,1,2,18977,0,1-3-4-6,3,11369,26707,11369,1,0,1,20,2950,3096,0
836,190,1,2,18977,0,1-3-4-6,3,11369,26707,11369,1,0,1,18,2961,3122,0
836,190,1,2,18977,0,1-3-4-6,3,11369,26707,11369,1,0,0,17,3086,3232,1
836,190,1,2,18977,0,1-3-4-6,3,11369,26707,11369,1,0,1,18,3147,3372,0
836,190,1,2,18977,0,1-3-4-6,3,11369,26707,11369,1,0,1,16,3222,3422,0
836,190,1,2,18977,0,1-3-4-6,3,11369,26707,11369,1,0,0,17,3257,3498,1
836,190,1,2,18977,0,1-3-4-6,3,11369,26707,11369,1,0,0,15,3382,3568,1
836,190,1,2,18977,0,1-3-4-6,3,11369,26707,11369,1,0,1,16,3448,3673,0
836,190,1,2,18977,0,1-3-4-6,3,11369,26707,11369,1,0,1,14,3508,3812,0
836,190,1,2,18977,0,1-3-4-6,3,11369,26707,11369,1,0,0,15,3593,3928,1
836,190,1,2,18977,0,1-3-4-6,3,11369,26707,11369,1,0,1,12,3893,3938,0
836,190,1,2,18977,0,1-3-4-6,3,11369,26707,11369,1,0,0,13,3767,3994,1
836,190,1,2,18977,0,1-3-4-6,3,11369,26707,11369,1,0,1,14,3838,4138,0
836,190,1,2,18977,0,1-3-4-6,3,11369,26707,11369,1,0,1,12,3973,4193,0
836,190,1,2,18977,0,1-3-4-6,3,11369,26707,11369,1,0,0,11,4249,4274,1
836,190,1,2,18977,0,1-3-4-6,3,11369,26707,11369,1,0,1,10,4234,4483,0
836,190,1,2,18977,0,1-3-4-6,3,11369,26707,11369,1,0,0,13,4019,4498,1
836,190,1,2,18977,0,1-3-4-6,3,11369,26707,11369,1,0,0,9,4399,4623,1
836,190,1,2,18977,0,1-3-4-6,3,11369,26707,11369,1,0,1,12,4218,4659,0
836,190,1,2,18977,0,1-3-4-6,3,11369,26707,11369,1,0,0,9,4649,4868,1
836,190,1,2,18977,0,1-3-4-6,3,11369,26707,11369,1,0,0,7,4684,4913,1
836,190,1,2,18977,0,1-3-4-6,3,11369,26707,11369,1,0,1,8,4558,5043,0
836,190,1,2,18977,0,1-3-4-6,3,11369,26707,11369,1,0,1,6,4858,5054,0
836,190,1,2,18977,0,1-3-4-6,3,11369,26707,11369,1,0,1,6,5074,5095,0
836,190,1,2,18977,0,1-3-4-6,3,11369,26707,11369,1,0,0,5,5033,6120,1
836,190,1,2,18977,0,1-3-4-6,3,11369,26707,11369,1,0,1,7,5095,6294,0
836,190,1,2,18977,0,1-3-4-6,3,11369,26707,11369,1,0,0,7,4939,6503,1
836,190,1,2,18977,0,1-3-4-6,3,11369,26707,11369,1,0,0,3,6324,6702,1
836,190,1,2,18977,0,1-3-4-6,3,11369,26707,11369,1,0,0,5,6743,6852,1
836,190,1,2,18977,0,1-3-4-6,3,11369,26707,11369,1,0,1,2,6642,6872,0
836,190,1,2,18977,0,1-3-4-6,3,11369,26707,11369,1,0,1,4,5120,7516,0
836,190,1,2,18977,0,1-3-4-6,3,11369,26707,11369,1,0,0,3,6722,7730,1
836,190,1,2,18977,0,1-3-4-6,3,11369,26707,3002,3,1,1,36,69,94,0
836,190,1,2,18977,0,1-3-4-6,3,11369,26707,3002,3,1,1,34,169,521,0
836,190,1,2,18977,0,1-3-4-6,3,11369,26707,3002,3,1,0,37,0,567,1
836,190,1,2,18977,0,1-3-4-6,3,11369,26707,3002,3,1,0,33,466,627,1
836,190,1,2,18977,0,1-3-4-6,3,11369,26707,3002,3,1,1,34,547,707,0
836,190,1,2,18977,0,1-3-4-6,3,11369,26707,3002,3,1,1,30,662,807,0
836,190,1,2,18977,0,1-3-4-6,3,11369,26707,3002,3,1,0,33,647,833,1
836,190,1,2,18977,0,1-3-4-6,3,11369,26707,3002,3,1,0,29,757,913,1
836,190,1,2,18977,0,1-3-4-6,3,11369,26707,3002,3,1,1,30,843,959,0
836,190,1,2,18977,0,1-3-4-6,3,11369,26707,3002,3,1,1,26,949,1103,0
